date,o3_mean,date_num
2014-01-01,29.8134110787172,1
2014-01-02,30.250728862973723,2
2014-01-03,32.24418604651162,3
2014-01-04,33.49780380673499,4
2014-01-05,33.640532544378736,5
2014-01-06,32.5147928994083,6
2014-01-07,29.54881656804735,7
2014-01-08,28.55000000000001,8
2014-01-09,28.126822157434386,9
2014-01-10,25.735549132947973,10
2014-01-11,32.130813953488385,11
2014-01-12,35.09433962264153,12
2014-01-13,32.20863309352517,13
2014-01-14,30.96829971181553,14
2014-01-15,32.24098124098122,15
2014-01-16,32.886330935251756,16
2014-01-17,32.64306358381502,17
2014-01-18,33.65123010130248,18
2014-01-19,34.40869565217393,19
2014-01-20,36.40348330914372,20
2014-01-21,34.167394468704565,21
2014-01-22,33.94912790697677,22
2014-01-23,34.298984034833076,23
2014-01-24,32.93178519593614,24
2014-01-25,36.0,25
2014-01-26,37.812772133526934,26
2014-01-27,34.92857142857145,27
2014-01-28,32.811403508771875,28
2014-01-29,32.60844250363903,29
2014-01-30,32.77777777777779,30
2014-01-31,30.64233576642334,31
2014-02-01,32.5205882352941,32
2014-02-02,31.64757709251103,33
2014-02-03,31.900439238652968,34
2014-02-04,31.1195335276968,35
2014-02-05,33.91947291361642,36
2014-02-06,32.20937042459741,37
2014-02-07,33.218155197657445,38
2014-02-08,32.905109489051085,39
2014-02-09,34.023391812865526,40
2014-02-10,33.88192419825066,41
2014-02-11,33.594752186588906,42
2014-02-12,32.464233576642364,43
2014-02-13,35.04671532846724,44
2014-02-14,37.51240875912414,45
2014-02-15,36.90670553935861,46
2014-02-16,40.28467153284677,47
2014-02-17,39.040995607613596,48
2014-02-18,37.835036496350355,49
2014-02-19,38.314949201741655,50
2014-02-20,37.412191582003,51
2014-02-21,37.58840579710151,52
2014-02-22,41.73255813953492,53
2014-02-23,40.31295487627366,54
2014-02-24,38.76700434153407,55
2014-02-25,36.59913169319825,56
2014-02-26,35.040345821325666,57
2014-02-27,37.65800865800874,58
2014-02-28,37.864276568502,59
2014-03-01,38.25959079283893,60
2014-03-02,38.56225930680368,61
2014-03-03,37.431673052362804,62
2014-03-04,35.40279542566715,63
2014-03-05,36.326972010178196,64
2014-03-06,37.87055837563459,65
2014-03-07,39.53553299492389,66
2014-03-08,42.26878980891719,67
2014-03-09,43.46871008939975,68
2014-03-10,44.73730964467006,69
2014-03-11,44.849367088607494,70
2014-03-12,41.96839443742111,71
2014-03-13,43.872635561160166,72
2014-03-14,46.18969849246223,73
2014-03-15,45.59496855345915,74
2014-03-16,43.12232030264819,75
2014-03-17,38.96365914786973,76
2014-03-18,41.911027568922314,77
2014-03-19,42.410447761194085,78
2014-03-20,46.80397022332504,79
2014-03-21,48.31891223732989,80
2014-03-22,45.806930693069226,81
2014-03-23,42.54838709677427,82
2014-03-24,43.562962962962985,83
2014-03-25,44.34975369458132,84
2014-03-26,43.8616891064871,85
2014-03-27,43.69146341463414,86
2014-03-28,40.09866017052378,87
2014-03-29,42.15225334957372,88
2014-03-30,45.47741147741144,89
2014-03-31,42.8292220113851,90
2014-04-01,46.1012891344381,91
2014-04-02,42.190693430656886,92
2014-04-03,41.85688240656332,93
2014-04-04,44.28260869565193,94
2014-04-05,45.979128856624065,95
2014-04-06,45.49682107175278,96
2014-04-07,44.26992753623172,97
2014-04-08,48.4990990990988,98
2014-04-09,51.408273381294684,99
2014-04-10,53.080645161290164,100
2014-04-11,51.60286225402477,101
2014-04-12,51.420720720720425,102
2014-04-13,46.12466124661236,103
2014-04-14,42.816546762589724,104
2014-04-15,44.334829443446864,105
2014-04-16,48.734052111410435,106
2014-04-17,48.46153846153833,107
2014-04-18,48.45624999999982,108
2014-04-19,51.51921358355655,109
2014-04-20,54.34914950760961,110
2014-04-21,53.9525089605733,111
2014-04-22,49.88282647584957,112
2014-04-23,48.62142857142839,113
2014-04-24,50.17955555555537,114
2014-04-25,48.17140319715789,115
2014-04-26,46.79751332149186,116
2014-04-27,44.89403383793397,117
2014-04-28,43.30988423864629,118
2014-04-29,42.934222222222054,119
2014-04-30,42.013900955690595,120
2014-05-01,45.51567944250845,121
2014-05-02,46.94778067885091,122
2014-05-03,51.601398601398394,123
2014-05-04,50.89588801399807,124
2014-05-05,49.85440278988649,125
2014-05-06,50.793733681461894,126
2014-05-07,48.00435540069658,127
2014-05-08,48.08420138888872,128
2014-05-09,45.72270363951458,129
2014-05-10,46.38628472222203,130
2014-05-11,45.28720626631836,131
2014-05-12,43.883781439722284,132
2014-05-13,43.993960310612444,133
2014-05-14,42.566983578219435,134
2014-05-15,44.452422145328654,135
2014-05-16,49.05877268798606,136
2014-05-17,51.867417677642734,137
2014-05-18,51.537662337662105,138
2014-05-19,51.72993960310585,139
2014-05-20,50.374460742018755,140
2014-05-21,48.31147540983575,141
2014-05-22,47.29177489177465,142
2014-05-23,47.19565217391278,143
2014-05-24,46.43902439024367,144
2014-05-25,50.12914485165773,145
2014-05-26,50.55944055944043,146
2014-05-27,48.792027729635855,147
2014-05-28,44.073913043478115,148
2014-05-29,43.087294727744016,149
2014-05-30,46.73879310344812,150
2014-05-31,47.936206896551504,151
2014-06-01,48.429188255612964,152
2014-06-02,47.62780656303955,153
2014-06-03,48.50390964378784,154
2014-06-04,46.481802426343044,155
2014-06-05,46.27902946273817,156
2014-06-06,46.91285591026739,157
2014-06-07,49.467588591184054,158
2014-06-08,45.80086956521721,159
2014-06-09,47.240901213171334,160
2014-06-10,44.67680278019094,161
2014-06-11,43.47432550043506,162
2014-06-12,41.68896611642047,163
2014-06-13,43.42036553524786,164
2014-06-14,45.55458515283834,165
2014-06-15,44.177914110429384,166
2014-06-16,44.84991273996509,167
2014-06-17,43.35901926444832,168
2014-06-18,40.746956521739094,169
2014-06-19,41.963478260869444,170
2014-06-20,44.3141862489118,171
2014-06-21,43.407149084568296,172
2014-06-22,43.375218150087136,173
2014-06-23,44.23150565709293,174
2014-06-24,41.67562879444913,175
2014-06-25,39.57565217391293,176
2014-06-26,39.862728062554204,177
2014-06-27,40.56585788561519,178
2014-06-28,42.24456048738015,179
2014-06-29,41.383873794916695,180
2014-06-30,41.64024390243894,181
2014-07-01,43.53433098591534,182
2014-07-02,42.89727831431063,183
2014-07-03,42.75285839929625,184
2014-07-04,42.862555066079146,185
2014-07-05,45.65724381625424,186
2014-07-06,48.17683465959308,187
2014-07-07,48.0719929762948,188
2014-07-08,45.826923076922846,189
2014-07-09,43.832599118942554,190
2014-07-10,43.56502636203843,191
2014-07-11,46.55604203152356,192
2014-07-12,47.254609306408945,193
2014-07-13,44.20580474934021,194
2014-07-14,42.92267135325112,195
2014-07-15,38.025550660792845,196
2014-07-16,39.971756398940734,197
2014-07-17,41.987762237762176,198
2014-07-18,42.857142857142705,199
2014-07-19,42.77894736842085,200
2014-07-20,42.680176211453514,201
2014-07-21,43.67747589833468,202
2014-07-22,46.45183887915923,203
2014-07-23,42.839020122484534,204
2014-07-24,41.713035870516066,205
2014-07-25,46.60801393728208,206
2014-07-26,47.95004382120932,207
2014-07-27,42.92381786339741,208
2014-07-28,41.15061295971973,209
2014-07-29,40.28809106830112,210
2014-07-30,45.01660839160816,211
2014-07-31,47.90165361183612,212
2014-08-01,48.5613577023497,213
2014-08-02,47.071490845684195,214
2014-08-03,46.85113835376515,215
2014-08-04,48.85026269702257,216
2014-08-05,49.41783216783204,217
2014-08-06,47.13799126637541,218
2014-08-07,44.77622377622361,219
2014-08-08,44.0139737991265,220
2014-08-09,42.972949389179554,221
2014-08-10,42.92414995640791,222
2014-08-11,42.44045534150594,223
2014-08-12,38.46491228070173,224
2014-08-13,40.987751531058535,225
2014-08-14,42.436681222707286,226
2014-08-15,44.47299651567926,227
2014-08-16,45.30890052356009,228
2014-08-17,39.17703768624003,229
2014-08-18,40.142732049036674,230
2014-08-19,41.0208695652173,231
2014-08-20,41.02268760907491,232
2014-08-21,39.00522648083614,233
2014-08-22,39.53100436681217,234
2014-08-23,40.093613298337566,235
2014-08-24,41.003508771929596,236
2014-08-25,42.33391608391594,237
2014-08-26,44.93548387096763,238
2014-08-27,48.34031413612549,239
2014-08-28,45.41007819287554,240
2014-08-29,46.44608695652161,241
2014-08-30,43.433043478260736,242
2014-08-31,37.747386759581815,243
2014-09-01,37.82342657342659,244
2014-09-02,40.32667245873147,245
2014-09-03,42.88388214904657,246
2014-09-04,43.05821025195479,247
2014-09-05,41.87402258905295,248
2014-09-06,39.16230366492134,249
2014-09-07,38.999999999999936,250
2014-09-08,39.293193717277376,251
2014-09-09,38.56620209059217,252
2014-09-10,36.83812010443854,253
2014-09-11,35.27902946273822,254
2014-09-12,33.81873373807456,255
2014-09-13,33.57729257641924,256
2014-09-14,37.331004366812195,257
2014-09-15,37.00783972125426,258
2014-09-16,36.79843614248477,259
2014-09-17,39.147084421235746,260
2014-09-18,39.361665221162156,261
2014-09-19,40.135416666666565,262
2014-09-20,42.05574912891971,263
2014-09-21,38.149956408020834,264
2014-09-22,35.485664639443904,265
2014-09-23,39.160418482999034,266
2014-09-24,41.32375979112264,267
2014-09-25,39.62869565217381,268
2014-09-26,42.46040034812873,269
2014-09-27,42.540069686410895,270
2014-09-28,41.73780487804865,271
2014-09-29,38.565823888404395,272
2014-09-30,36.63336229365752,273
2014-10-01,38.02810077519371,274
2014-10-02,38.53719806763273,275
2014-10-03,38.344594594594525,276
2014-10-04,37.34075508228454,277
2014-10-05,41.20545277507303,278
2014-10-06,42.9058252427184,279
2014-10-07,41.71400966183557,280
2014-10-08,39.69913211186111,281
2014-10-09,36.13928914505286,282
2014-10-10,33.005758157389586,283
2014-10-11,34.52941176470585,284
2014-10-12,34.6818181818181,285
2014-10-13,33.79708737864066,286
2014-10-14,34.76015473887815,287
2014-10-15,33.89458413926498,288
2014-10-16,36.62099125364422,289
2014-10-17,40.16780487804867,290
2014-10-18,37.62977473065609,291
2014-10-19,38.607669616519104,292
2014-10-20,38.03349753694574,293
2014-10-21,37.55358898721717,294
2014-10-22,36.65384615384603,295
2014-10-23,37.15384615384612,296
2014-10-24,40.17751479289932,297
2014-10-25,43.883514313918994,298
2014-10-26,42.1980198019801,299
2014-10-27,41.106361829025694,300
2014-10-28,39.05605605605594,301
2014-10-29,34.79561316051843,302
2014-10-30,34.035856573705146,303
2014-10-31,32.89810189810185,304
2014-11-01,33.51872399445215,305
2014-11-02,36.9916434540391,306
2014-11-03,37.23162274618588,307
2014-11-04,35.96522948539634,308
2014-11-05,32.60251046025104,309
2014-11-06,32.9509803921568,310
2014-11-07,34.65966386554623,311
2014-11-08,35.805049088359084,312
2014-11-09,36.49789621318374,313
2014-11-10,38.47478991596644,314
2014-11-11,35.154711673699,315
2014-11-12,32.05477528089881,316
2014-11-13,29.349295774647832,317
2014-11-14,29.561797752808847,318
2014-11-15,33.4950495049505,319
2014-11-16,32.654008438818536,320
2014-11-17,31.973239436619743,321
2014-11-18,32.39743589743594,322
2014-11-19,32.98995695839311,323
2014-11-20,32.545193687231,324
2014-11-21,33.27650429799428,325
2014-11-22,33.50214592274679,326
2014-11-23,33.51502145922752,327
2014-11-24,31.054441260745016,328
2014-11-25,28.511461318051545,329
2014-11-26,27.93515850144093,330
2014-11-27,31.61327561327555,331
2014-11-28,34.321273516642584,332
2014-11-29,34.55393586005832,333
2014-11-30,31.455732946299005,334
2014-12-01,26.857562408223185,335
2014-12-02,23.434782608695603,336
2014-12-03,24.00437317784254,337
2014-12-04,25.043923865300123,338
2014-12-05,22.48613138686126,339
2014-12-06,26.52855051244502,340
2014-12-07,27.746705710102443,341
2014-12-08,24.937590711175538,342
2014-12-09,25.960583941605826,343
2014-12-10,26.73071324599704,344
2014-12-11,30.107246376811567,345
2014-12-12,30.03918722786648,346
2014-12-13,31.781341107871715,347
2014-12-14,30.105109489051095,348
2014-12-15,27.76308139534882,349
2014-12-16,25.048175182481724,350
2014-12-17,25.824561403508746,351
2014-12-18,24.762114537444926,352
2014-12-19,26.17956204379561,353
2014-12-20,26.499999999999936,354
2014-12-21,26.623718887262044,355
2014-12-22,24.906569343065655,356
2014-12-23,25.579100145137865,357
2014-12-24,28.179039301310024,358
2014-12-25,32.8454810495627,359
2014-12-26,29.383941605839336,360
2014-12-27,27.61426491994172,361
2014-12-28,26.39592430858804,362
2014-12-29,26.550218340611362,363
2014-12-30,27.98985507246373,364
2014-12-31,27.98984034833084,365
2015-01-01,28.508100147275446,366
2015-01-02,25.814705882352904,367
2015-01-03,25.545857988165626,368
2015-01-04,28.784342688330838,369
2015-01-05,28.92930780559645,370
2015-01-06,27.887573964496998,371
2015-01-07,29.961481481481503,372
2015-01-08,28.597037037037033,373
2015-01-09,27.55473372781063,374
2015-01-10,28.678041543026648,375
2015-01-11,26.30746268656717,376
2015-01-12,24.814264487369954,377
2015-01-13,26.736296296296292,378
2015-01-14,23.904129793510307,379
2015-01-15,25.332348596750325,380
2015-01-16,30.421207658321062,381
2015-01-17,33.100443131462384,382
2015-01-18,31.68249258160239,383
2015-01-19,31.433681073025333,384
2015-01-20,30.42370370370368,385
2015-01-21,30.986587183308515,386
2015-01-22,29.425185185185175,387
2015-01-23,28.137573964497054,388
2015-01-24,30.514792899408313,389
2015-01-25,32.60207100591716,390
2015-01-26,29.40855457227137,391
2015-01-27,32.54505169867066,392
2015-01-28,33.33087149187593,393
2015-01-29,30.84933530280651,394
2015-01-30,30.146666666666675,395
2015-01-31,32.0782865583456,396
2015-02-01,32.33087149187592,397
2015-02-02,32.46222222222225,398
2015-02-03,31.108983799705445,399
2015-02-04,30.481536189069402,400
2015-02-05,31.772659732540884,401
2015-02-06,33.273264401772536,402
2015-02-07,34.5553914327917,403
2015-02-08,35.52437223042841,404
2015-02-09,33.90976331360949,405
2015-02-10,35.23111111111113,406
2015-02-11,36.01622418879057,407
2015-02-12,36.377581120944,408
2015-02-13,37.7581120943953,409
2015-02-14,40.60118168389956,410
2015-02-15,40.019259259259336,411
2015-02-16,37.80746268656716,412
2015-02-17,37.18573551263004,413
2015-02-18,37.86924219910855,414
2015-02-19,37.94126284875189,415
2015-02-20,36.97496318114881,416
2015-02-21,37.359351988217995,417
2015-02-22,35.581979320531794,418
2015-02-23,34.675953079178896,419
2015-02-24,35.239825581395344,420
2015-02-25,36.86830680173667,421
2015-02-26,37.22463768115944,422
2015-02-27,37.46142649199421,423
2015-02-28,37.07354838709686,424
2015-03-01,34.216774193548424,425
2015-03-02,34.606641123882476,426
2015-03-03,31.472611464968146,427
2015-03-04,34.8533163265306,428
2015-03-05,39.292307692307716,429
2015-03-06,41.30191082802555,430
2015-03-07,46.131377551020265,431
2015-03-08,46.163473818646075,432
2015-03-09,42.43295019157079,433
2015-03-10,37.81771501925534,434
2015-03-11,38.81170483460558,435
2015-03-12,40.83439490445861,436
2015-03-13,39.26169405815428,437
2015-03-14,40.69581749049429,438
2015-03-15,44.24904701397724,439
2015-03-16,45.610899873257246,440
2015-03-17,43.38965952080711,441
2015-03-18,42.55764411027575,442
2015-03-19,39.919899874843615,443
2015-03-20,39.43036386449184,444
2015-03-21,41.05037783375324,445
2015-03-22,41.16498740554163,446
2015-03-23,41.72544080604534,447
2015-03-24,41.1795511221945,448
2015-03-25,40.46201743462013,449
2015-03-26,38.36900369003689,450
2015-03-27,41.508557457212774,451
2015-03-28,46.38329238329241,452
2015-03-29,48.051533742331145,453
2015-03-30,46.4987775061124,454
2015-03-31,41.90589353612164,455
2015-04-01,47.950184501844774,456
2015-04-02,45.0986175115205,457
2015-04-03,42.583333333333144,458
2015-04-04,45.641143911438974,459
2015-04-05,45.71560480147726,460
2015-04-06,42.398165137614576,461
2015-04-07,37.75183823529411,462
2015-04-08,38.26146788990821,463
2015-04-09,38.97798165137611,464
2015-04-10,42.634457611668076,465
2015-04-11,47.50821167883185,466
2015-04-12,46.790484903934,467
2015-04-13,45.97260273972584,468
2015-04-14,43.69799270072968,469
2015-04-15,46.21134492223213,470
2015-04-16,44.76675849403093,471
2015-04-17,46.53600729261602,472
2015-04-18,50.181152790484774,473
2015-04-19,46.68161024702636,474
2015-04-20,44.88127853881257,475
2015-04-21,46.52463503649624,476
2015-04-22,46.92837465564717,477
2015-04-23,44.623400365630445,478
2015-04-24,45.63354603463983,479
2015-04-25,42.04113345521007,480
2015-04-26,42.526170798897894,481
2015-04-27,44.025641025640766,482
2015-04-28,47.54361799816327,483
2015-04-29,51.64010989010966,484
2015-04-30,50.57499999999982,485
2015-05-01,51.79732142857126,486
2015-05-02,56.31071428571407,487
2015-05-03,56.23903312444037,488
2015-05-04,54.62455197132599,489
2015-05-05,50.786034019695435,490
2015-05-06,50.06155218554834,491
2015-05-07,51.89501779359416,492
2015-05-08,49.90925266903911,493
2015-05-09,44.85919282511205,494
2015-05-10,42.91129032258049,495
2015-05-11,44.05793226381449,496
2015-05-12,45.66755319148917,497
2015-05-13,44.837477797513166,498
2015-05-14,45.307282415630425,499
2015-05-15,44.19661921708176,500
2015-05-16,41.661620658949076,501
2015-05-17,41.29732142857127,502
2015-05-18,40.75244010647721,503
2015-05-19,40.64330079858026,504
2015-05-20,41.394128113878914,505
2015-05-21,42.80728241563042,506
2015-05-22,46.98058252427166,507
2015-05-23,49.99822852081479,508
2015-05-24,49.2987588652481,509
2015-05-25,45.040961709705954,510
2015-05-26,44.46595932802807,511
2015-05-27,46.40586145648293,512
2015-05-28,48.794300979518916,513
2015-05-29,46.69626998223784,514
2015-05-30,42.136524822694895,515
2015-05-31,38.8918439716311,516
2015-06-01,38.44924977934681,517
2015-06-02,39.61111111111102,518
2015-06-03,43.30132158590305,519
2015-06-04,45.87598944591016,520
2015-06-05,46.840630472854464,521
2015-06-06,49.18261633011399,522
2015-06-07,51.186725663716615,523
2015-06-08,50.98333333333318,524
2015-06-09,50.39561403508757,525
2015-06-10,51.848827106863475,526
2015-06-11,50.20564872021174,527
2015-06-12,44.861013986013916,528
2015-06-13,41.35403726708066,529
2015-06-14,40.37221727515576,530
2015-06-15,39.32418069087683,531
2015-06-16,41.55172413793092,532
2015-06-17,42.75862068965502,533
2015-06-18,43.430837004405184,534
2015-06-19,43.500880281690065,535
2015-06-20,42.55026455026459,536
2015-06-21,42.997335701598544,537
2015-06-22,44.86069210292803,538
2015-06-23,45.28686327077731,539
2015-06-24,47.247330960853894,540
2015-06-25,47.15173025732014,541
2015-06-26,46.35752212389367,542
2015-06-27,41.95559502664277,543
2015-06-28,43.63345195729524,544
2015-06-29,45.302304964538905,545
2015-06-30,46.11337466784749,546
2015-07-01,44.81155555555549,547
2015-07-02,41.95026642984008,548
2015-07-03,44.928762243989276,549
2015-07-04,44.142857142857025,550
2015-07-05,43.29616413916133,551
2015-07-06,41.47589285714274,552
2015-07-07,37.29144385026731,553
2015-07-08,34.39273049645389,554
2015-07-09,36.586879432624144,555
2015-07-10,39.98323036187109,556
2015-07-11,41.79273693534091,557
2015-07-12,42.471162377994574,558
2015-07-13,43.2808888888887,559
2015-07-14,41.96113074204932,560
2015-07-15,40.99116607773838,561
2015-07-16,44.82700794351266,562
2015-07-17,45.810283687943006,563
2015-07-18,42.09723461195349,564
2015-07-19,40.95896520963414,565
2015-07-20,41.36865538735518,566
2015-07-21,39.8015873015872,567
2015-07-22,39.75399644760206,568
2015-07-23,41.80123674911653,569
2015-07-24,45.013286093888276,570
2015-07-25,46.21415929203533,571
2015-07-26,44.03647686832727,572
2015-07-27,45.32088888888882,573
2015-07-28,47.444937833037194,574
2015-07-29,47.69999999999987,575
2015-07-30,46.8174603174602,576
2015-07-31,47.49956024626189,577
2015-08-01,48.2293497363795,578
2015-08-02,48.7954144620809,579
2015-08-03,49.012334801762016,580
2015-08-04,45.69726390114726,581
2015-08-05,43.46954986760801,582
2015-08-06,38.987599645704094,583
2015-08-07,41.250883392225994,584
2015-08-08,42.39629302736089,585
2015-08-09,42.830673758865125,586
2015-08-10,41.888790820829534,587
2015-08-11,40.33098591549279,588
2015-08-12,41.492932862190756,589
2015-08-13,46.14121800529556,590
2015-08-14,49.542806707855085,591
2015-08-15,52.90421792618621,592
2015-08-16,50.80404217926174,593
2015-08-17,48.55884917175228,594
2015-08-18,44.69973661106221,595
2015-08-19,40.286842105263084,596
2015-08-20,39.64024390243888,597
2015-08-21,45.33824804856874,598
2015-08-22,45.622026431717934,599
2015-08-23,42.2022867194371,600
2015-08-24,44.585814360770414,601
2015-08-25,44.0122699386502,602
2015-08-26,44.5074235807859,603
2015-08-27,45.73316283034944,604
2015-08-28,47.84713919726717,605
2015-08-29,46.622707423580636,606
2015-08-30,45.90228873239419,607
2015-08-31,46.418054338299655,608
2015-09-01,48.24300699300687,609
2015-09-02,48.001749781277226,610
2015-09-03,46.60087719298231,611
2015-09-04,45.4750219106045,612
2015-09-05,43.043286219081125,613
2015-09-06,44.842894969108436,614
2015-09-07,44.786914235189855,615
2015-09-08,44.74978050921856,616
2015-09-09,40.92738407699028,617
2015-09-10,39.135371179039254,618
2015-09-11,39.28846153846149,619
2015-09-12,37.29613356766251,620
2015-09-13,39.586267605633694,621
2015-09-14,41.960422163588284,622
2015-09-15,43.40332458442677,623
2015-09-16,45.7185314685313,624
2015-09-17,47.545851528384084,625
2015-09-18,47.54338299737061,626
2015-09-19,45.226117440841186,627
2015-09-20,42.87150349650342,628
2015-09-21,40.420503909643756,629
2015-09-22,42.15418118466892,630
2015-09-23,48.01127493495211,631
2015-09-24,49.23846823324616,632
2015-09-25,45.44115082824747,633
2015-09-26,42.8828671328669,634
2015-09-27,37.84063047285457,635
2015-09-28,35.595633187772975,636
2015-09-29,32.77583187390539,637
2015-09-30,33.66520595968445,638
2015-10-01,31.788704965920115,639
2015-10-02,31.26479146459738,640
2015-10-03,30.892233009708665,641
2015-10-04,29.9785992217898,642
2015-10-05,31.66634241245131,643
2015-10-06,36.745401742497535,644
2015-10-07,41.10831721470005,645
2015-10-08,43.28626692456471,646
2015-10-09,38.008704061895436,647
2015-10-10,37.580019398641994,648
2015-10-11,43.54182879377423,649
2015-10-12,44.02623906705525,650
2015-10-13,39.14854368932028,651
2015-10-14,38.766698935140276,652
2015-10-15,42.305905130687236,653
2015-10-16,40.03219512195121,654
2015-10-17,38.08047105004897,655
2015-10-18,38.228346456692854,656
2015-10-19,40.05309734513262,657
2015-10-20,41.23448275862057,658
2015-10-21,40.32312252964413,659
2015-10-22,39.354806739345825,660
2015-10-23,36.46942800788953,661
2015-10-24,34.39546351084807,662
2015-10-25,32.48517786561261,663
2015-10-26,33.30495049504947,664
2015-10-27,29.968222442899638,665
2015-10-28,31.961271102283938,666
2015-10-29,34.31349206349202,667
2015-10-30,31.829195630585843,668
2015-10-31,31.59167492566889,669
2015-11-01,33.2630890052356,670
2015-11-02,31.361788617886152,671
2015-11-03,32.375170532060054,672
2015-11-04,33.56611570247935,673
2015-11-05,30.49098474341188,674
2015-11-06,29.98333333333327,675
2015-11-07,32.70498614958443,676
2015-11-08,35.326842837274015,677
2015-11-09,33.009722222222244,678
2015-11-10,33.05742296918765,679
2015-11-11,33.55477528089888,680
2015-11-12,33.13566433566428,681
2015-11-13,34.15782122905026,682
2015-11-14,36.58263305322135,683
2015-11-15,37.39215686274513,684
2015-11-16,34.18092566619914,685
2015-11-17,32.45161290322584,686
2015-11-18,32.219887955182074,687
2015-11-19,32.47464788732397,688
2015-11-20,34.41514726507716,689
2015-11-21,33.81460674157306,690
2015-11-22,34.18679775280904,691
2015-11-23,33.974930362117014,692
2015-11-24,34.67737430167594,693
2015-11-25,33.40000000000001,694
2015-11-26,33.729050279329684,695
2015-11-27,31.244039270687225,696
2015-11-28,27.446002805049098,697
2015-11-29,27.76503496503492,698
2015-11-30,26.34405594405591,699
2015-12-01,25.03239436619715,700
2015-12-02,26.348804500703206,701
2015-12-03,29.27221438645976,702
2015-12-04,28.816901408450672,703
2015-12-05,29.45007032348801,704
2015-12-06,30.197461212976073,705
2015-12-07,29.600846262341317,706
2015-12-08,29.715492957746484,707
2015-12-09,29.88152327221441,708
2015-12-10,32.2966101694915,709
2015-12-11,31.125177809388312,710
2015-12-12,29.025714285714272,711
2015-12-13,31.04422253922966,712
2015-12-14,31.76944837340879,713
2015-12-15,28.10921985815599,714
2015-12-16,26.483002832861175,715
2015-12-17,25.939265536723106,716
2015-12-18,29.34702549575064,717
2015-12-19,31.40141843971632,718
2015-12-20,32.23076923076918,719
2015-12-21,28.774011299435017,720
2015-12-22,26.88243626062317,721
2015-12-23,28.35704125177811,722
2015-12-24,28.767142857142822,723
2015-12-25,29.56160458452715,724
2015-12-26,28.69727403156377,725
2015-12-27,28.264663805436278,726
2015-12-28,29.168091168091095,727
2015-12-29,27.400284900284856,728
2015-12-30,25.614613180515704,729
2015-12-31,28.828571428571355,730
2016-01-01,31.832857142857144,731
2016-01-02,30.804285714285697,732
2016-01-03,32.11015736766807,733
2016-01-04,31.218884120171676,734
2016-01-05,30.07204610951002,735
2016-01-06,29.820549927641096,736
2016-01-07,28.184861717612755,737
2016-01-08,26.61705202312135,738
2016-01-09,29.573699421965266,739
2016-01-10,32.40058055152392,740
2016-01-11,30.609510086455305,741
2016-01-12,32.18731988472623,742
2016-01-13,33.38395415472779,743
2016-01-14,32.91428571428571,744
2016-01-15,31.95702005730658,745
2016-01-16,33.03873744619797,746
2016-01-17,32.84527220630368,747
2016-01-18,31.50432276657062,748
2016-01-19,31.914407988587744,749
2016-01-20,30.22079772079769,750
2016-01-21,31.862215909090878,751
2016-01-22,33.23305084745766,752
2016-01-23,34.57284299858559,753
2016-01-24,37.081920903954845,754
2016-01-25,34.328147100424346,755
2016-01-26,32.587570621468906,756
2016-01-27,30.572842998585582,757
2016-01-28,30.365056818181817,758
2016-01-29,34.925035360678905,759
2016-01-30,37.38297872340432,760
2016-01-31,37.87500000000001,761
2016-02-01,34.85571428571433,762
2016-02-02,34.109686609686655,763
2016-02-03,33.997155049786656,764
2016-02-04,34.126939351198935,765
2016-02-05,36.655807365439145,766
2016-02-06,37.49152542372883,767
2016-02-07,40.07637906647816,768
2016-02-08,38.36804564907288,769
2016-02-09,35.829787234042556,770
2016-02-10,36.44159544159545,771
2016-02-11,38.76210826210833,772
2016-02-12,38.814710042432864,773
2016-02-13,41.083687943262476,774
2016-02-14,37.76068376068375,775
2016-02-15,34.26884779516357,776
2016-02-16,37.26271186440679,777
2016-02-17,37.679830747531774,778
2016-02-18,40.652542372881385,779
2016-02-19,40.575842696629294,780
2016-02-20,40.26123595505623,781
2016-02-21,37.82957746478877,782
2016-02-22,37.00141043723552,783
2016-02-23,37.365682137834106,784
2016-02-24,39.20365168539334,785
2016-02-25,40.66338028169018,786
2016-02-26,42.30264993026513,787
2016-02-27,45.023709902371024,788
2016-02-28,46.177374301676004,789
2016-02-29,40.205992509363384,790
2016-03-01,42.234782608695696,791
2016-03-02,41.068069306930745,792
2016-03-03,38.61633663366346,793
2016-03-04,38.776818742293486,794
2016-03-05,41.167701863354054,795
2016-03-06,42.593788819875755,796
2016-03-07,41.57336621454996,797
2016-03-08,41.705882352941124,798
2016-03-09,41.286240786240704,799
2016-03-10,37.658476658476644,800
2016-03-11,37.486519607843135,801
2016-03-12,39.20122699386503,802
2016-03-13,40.60960591133012,803
2016-03-14,41.50246305418722,804
2016-03-15,41.59459459459451,805
2016-03-16,42.17279411764703,806
2016-03-17,43.52503052503052,807
2016-03-18,42.077575757575744,808
2016-03-19,41.52242424242431,809
2016-03-20,42.01703163017032,810
2016-03-21,43.731143552311416,811
2016-03-22,46.83030303030288,812
2016-03-23,44.63702801461627,813
2016-03-24,43.40556900726389,814
2016-03-25,43.006075334143354,815
2016-03-26,43.00730816077947,816
2016-03-27,40.517661388550614,817
2016-03-28,42.26303030303029,818
2016-03-29,43.13630880579009,819
2016-03-30,42.71514423076925,820
2016-03-31,39.29895931882678,821
2016-04-01,39.9548802946592,822
2016-04-02,43.950092421441624,823
2016-04-03,46.61988847583617,824
2016-04-04,46.01292705447823,825
2016-04-05,48.04591368227713,826
2016-04-06,45.76347031963448,827
2016-04-07,43.451052150045626,828
2016-04-08,42.11496350364947,829
2016-04-09,42.00825688073384,830
2016-04-10,41.126838235294045,831
2016-04-11,41.20561594202879,832
2016-04-12,41.31221719457001,833
2016-04-13,44.275768535261946,834
2016-04-14,47.895306859205505,835
2016-04-15,49.525225225225,836
2016-04-16,49.519421860885124,837
2016-04-17,53.49954751131205,838
2016-04-18,56.08198198198194,839
2016-04-19,52.49369369369354,840
2016-04-20,52.754260089685886,841
2016-04-21,50.029702970296846,842
2016-04-22,46.74437443744356,843
2016-04-23,48.495040577096276,844
2016-04-24,51.4999999999997,845
2016-04-25,50.17387387387369,846
2016-04-26,44.57765667574915,847
2016-04-27,43.05239385727179,848
2016-04-28,41.61427280939461,849
2016-04-29,41.16561656165602,850
2016-04-30,39.82697426796799,851
2016-05-01,40.32177777777757,852
2016-05-02,39.01865008880981,853
2016-05-03,43.1086572438161,854
2016-05-04,44.30946065428811,855
2016-05-05,42.89361702127654,856
2016-05-06,45.77533039647558,857
2016-05-07,46.666961130741846,858
2016-05-08,46.22586359610252,859
2016-05-09,44.76746242263471,860
2016-05-10,45.42012356575445,861
2016-05-11,46.3888396811335,862
2016-05-12,48.599999999999895,863
2016-05-13,46.32511013215843,864
2016-05-14,42.64544650751528,865
2016-05-15,42.29698581560273,866
2016-05-16,43.07453416149051,867
2016-05-17,40.59151193633934,868
2016-05-18,42.48981399468535,869
2016-05-19,46.08880994671386,870
2016-05-20,46.045092838196126,871
2016-05-21,46.4044444444442,872
2016-05-22,48.21777777777751,873
2016-05-23,50.3415254237286,874
2016-05-24,50.40715502555359,875
2016-05-25,52.42045454545466,876
2016-05-26,50.29183841714743,877
2016-05-27,49.985022026431594,878
2016-05-28,50.705207413945125,879
2016-05-29,47.61415929203519,880
2016-05-30,48.70881567230615,881
2016-05-31,50.19876868953368,882
2016-06-01,49.188879082082835,883
2016-06-02,47.47354497354479,884
2016-06-03,47.60528634361212,885
2016-06-04,46.67256637168121,886
2016-06-05,44.048715677590685,887
2016-06-06,48.282415630550396,888
2016-06-07,47.012345679012206,889
2016-06-08,47.509267431597415,890
2016-06-09,49.91395961369604,891
2016-06-10,51.14160070360578,892
2016-06-11,50.39367311072048,893
2016-06-12,44.599118942731245,894
2016-06-13,44.75461741424789,895
2016-06-14,46.76236749116588,896
2016-06-15,46.48495575221227,897
2016-06-16,45.17079646017687,898
2016-06-17,47.03259911894262,899
2016-06-18,49.354553492484364,900
2016-06-19,52.51552795031047,901
2016-06-20,52.06106194690262,902
2016-06-21,50.844109831709225,903
2016-06-22,48.28343666961887,904
2016-06-23,47.57343887423025,905
2016-06-24,50.316710411198414,906
2016-06-25,51.70682019486265,907
2016-06-26,49.335714285714225,908
2016-06-27,49.85159010600682,909
2016-06-28,46.08045977011477,910
2016-06-29,48.04770318021185,911
2016-06-30,50.05989583333315,912
2016-07-01,47.26926406926388,913
2016-07-02,42.96173913043464,914
2016-07-03,41.105584642233765,915
2016-07-04,39.79039301310029,916
2016-07-05,41.568439407148965,917
2016-07-06,44.74717636837519,918
2016-07-07,43.203124999999815,919
2016-07-08,41.852659110723565,920
2016-07-09,38.90988626421688,921
2016-07-10,38.580333625987585,922
2016-07-11,41.80472854640965,923
2016-07-12,43.37641921397377,924
2016-07-13,43.64756944444427,925
2016-07-14,44.48442906574377,926
2016-07-15,44.940670679277616,927
2016-07-16,44.577720207253726,928
2016-07-17,43.594477998274265,929
2016-07-18,43.16031195840539,930
2016-07-19,43.92134831460652,931
2016-07-20,47.8248355263156,932
2016-07-21,50.91861471861464,933
2016-07-22,50.688632619439716,934
2016-07-23,48.54451166810703,935
2016-07-24,45.074652777777615,936
2016-07-25,46.96533795493929,937
2016-07-26,46.462402765773476,938
2016-07-27,48.31040412725686,939
2016-07-28,45.9045571797076,940
2016-07-29,44.92420327304038,941
2016-07-30,42.2292387543251,942
2016-07-31,40.82986111111095,943
2016-08-01,42.33218291630706,944
2016-08-02,43.82373172828871,945
2016-08-03,46.388316151202574,946
2016-08-04,46.21526586620914,947
2016-08-05,44.20256410256397,948
2016-08-06,43.11962134251279,949
2016-08-07,40.7383419689118,950
2016-08-08,43.30042918454918,951
2016-08-09,44.96993127147752,952
2016-08-10,41.60787671232869,953
2016-08-11,42.257069408740236,954
2016-08-12,40.158075601374456,955
2016-08-13,40.317010309278196,956
2016-08-14,38.80829015544037,957
2016-08-15,38.34053586862564,958
2016-08-16,40.05974025974024,959
2016-08-17,40.88610871440895,960
2016-08-18,42.803433476394744,961
2016-08-19,41.0317324185247,962
2016-08-20,40.03614457831317,963
2016-08-21,36.30250648228171,964
2016-08-22,38.535868625756194,965
2016-08-23,42.34685073339073,966
2016-08-24,43.15834767641977,967
2016-08-25,43.72963604852664,968
2016-08-26,43.281984334203536,969
2016-08-27,43.441433566433425,970
2016-08-28,43.70767888307137,971
2016-08-29,43.87652173913024,972
2016-08-30,45.07933740191787,973
2016-08-31,42.17368873602743,974
2016-09-01,37.098005203816086,975
2016-09-02,37.25411968777092,976
2016-09-03,38.98784722222211,977
2016-09-04,40.059792027729515,978
2016-09-05,40.41826086956505,979
2016-09-06,41.14731369150771,980
2016-09-07,40.715271786022356,981
2016-09-08,41.96539792387529,982
2016-09-09,41.20998278829591,983
2016-09-10,40.78811369509029,984
2016-09-11,38.375323554788416,985
2016-09-12,39.6646499567847,986
2016-09-13,39.863675582398464,987
2016-09-14,40.336769759450085,988
2016-09-15,40.43766122098003,989
2016-09-16,41.72055030094568,990
2016-09-17,40.022394487510574,991
2016-09-18,37.97227036395137,992
2016-09-19,39.593073593073484,993
2016-09-20,41.73593073593058,994
2016-09-21,44.171577123050085,995
2016-09-22,44.77729636048515,996
2016-09-23,45.01555747623165,997
2016-09-24,39.9188255613125,998
2016-09-25,41.031979256698236,999
2016-09-26,38.16206896551721,1000
2016-09-27,40.638005159071255,1001
2016-09-28,37.851246775580265,1002
2016-09-29,35.18205349439165,1003
2016-09-30,34.874892148403696,1004
2016-10-01,37.38279773156891,1005
2016-10-02,37.456439393939334,1006
2016-10-03,40.65340909090903,1007
2016-10-04,41.42490494296564,1008
2016-10-05,40.097815764482284,1009
2016-10-06,39.6886973180075,1010
2016-10-07,38.033589251439544,1011
2016-10-08,39.2246865959498,1012
2016-10-09,39.11661807580174,1013
2016-10-10,40.27852998065756,1014
2016-10-11,39.99807692307677,1015
2016-10-12,37.64127290260359,1016
2016-10-13,35.00770712909436,1017
2016-10-14,35.375722543352495,1018
2016-10-15,36.92574734811954,1019
2016-10-16,36.48309178743958,1020
2016-10-17,37.5126459143969,1021
2016-10-18,38.1067580803134,1022
2016-10-19,37.58748778103623,1023
2016-10-20,36.275996112730795,1024
2016-10-21,35.35208535402512,1025
2016-10-22,37.27582846003894,1026
2016-10-23,41.34048780487793,1027
2016-10-24,37.59082031249989,1028
2016-10-25,36.37011718749994,1029
2016-10-26,35.82815533980578,1030
2016-10-27,32.817120622568,1031
2016-10-28,35.20370370370357,1032
2016-10-29,37.60097560975599,1033
2016-10-30,34.194906953966594,1034
2016-10-31,34.490234375,1035
2016-11-01,35.20460704607043,1036
2016-11-02,33.81095890410956,1037
2016-11-03,32.92181069958844,1038
2016-11-04,34.20551724137927,1039
2016-11-05,37.47034482758626,1040
2016-11-06,37.58011049723762,1041
2016-11-07,34.404401650618965,1042
2016-11-08,33.03994490358123,1043
2016-11-09,33.18156808803298,1044
2016-11-10,35.54395604395606,1045
2016-11-11,37.08677685950417,1046
2016-11-12,38.029045643153545,1047
2016-11-13,39.12361111111121,1048
2016-11-14,36.05801104972381,1049
2016-11-15,37.115862068965605,1050
2016-11-16,38.31086657496559,1051
2016-11-17,37.87741046831953,1052
2016-11-18,36.23756906077349,1053
2016-11-19,36.159500693481306,1054
2016-11-20,34.82729805013932,1055
2016-11-21,34.87603305785126,1056
2016-11-22,33.45592286501381,1057
2016-11-23,31.991724137931005,1058
2016-11-24,32.67358229598896,1059
2016-11-25,29.06215469613258,1060
2016-11-26,32.09405255878281,1061
2016-11-27,35.322222222222166,1062
2016-11-28,33.02203856749309,1063
2016-11-29,30.685006877579088,1064
2016-11-30,28.665749656121015,1065
2016-12-01,28.756606397774654,1066
2016-12-02,30.565459610027833,1067
2016-12-03,31.469359331476266,1068
2016-12-04,30.325418994413344,1069
2016-12-05,25.68200836820083,1070
2016-12-06,26.735294117647047,1071
2016-12-07,26.659217877094935,1072
2016-12-08,26.804166666666568,1073
2016-12-09,27.153203342618337,1074
2016-12-10,28.51532033426182,1075
2016-12-11,29.03776223776217,1076
2016-12-12,24.65782122905023,1077
2016-12-13,25.20757363253854,1078
2016-12-14,26.233146067415696,1079
2016-12-15,29.03347280334724,1080
2016-12-16,30.814606741572963,1081
2016-12-17,29.251051893408075,1082
2016-12-18,32.2334739803094,1083
2016-12-19,30.944055944055883,1084
2016-12-20,27.178521617852137,1085
2016-12-21,25.327777777777747,1086
2016-12-22,27.61420612813367,1087
2016-12-23,29.390820584144617,1088
2016-12-24,30.833099579242575,1089
2016-12-25,31.68258426966289,1090
2016-12-26,30.852734922861075,1091
2016-12-27,28.579831932773065,1092
2016-12-28,27.65217391304344,1093
2016-12-29,31.078431372549073,1094
2016-12-30,30.51608391608392,1095
2016-12-31,31.82596291012841,1096
2017-01-01,32.08750000000003,1097
2017-01-02,29.471488178025037,1098
2017-01-03,28.963838664812165,1099
2017-01-04,29.68377253814144,1100
2017-01-05,30.77994428969362,1101
2017-01-06,32.15672676837722,1102
2017-01-07,31.390820584144677,1103
2017-01-08,33.382147838214856,1104
2017-01-09,31.681502086230864,1105
2017-01-10,34.93863319386335,1106
2017-01-11,34.04456824512536,1107
2017-01-12,32.33286908077995,1108
2017-01-13,30.21438450899035,1109
2017-01-14,27.746185852981952,1110
2017-01-15,29.09510489510489,1111
2017-01-16,28.389044943820224,1112
2017-01-17,26.545706371191113,1113
2017-01-18,28.89568845618914,1114
2017-01-19,29.25972222222217,1115
2017-01-20,30.61858529819694,1116
2017-01-21,32.535367545076305,1117
2017-01-22,34.82058414464531,1118
2017-01-23,35.08786610878663,1119
2017-01-24,35.575418994413425,1120
2017-01-25,33.91237830319887,1121
2017-01-26,33.18144044321326,1122
2017-01-27,35.779778393351855,1123
2017-01-28,36.626907073509024,1124
2017-01-29,38.48261474269832,1125
2017-01-30,38.16850828729285,1126
2017-01-31,37.25555555555555,1127
2017-02-01,37.216366158113786,1128
2017-02-02,35.65793103448283,1129
2017-02-03,35.01517241379312,1130
2017-02-04,37.13988919667593,1131
2017-02-05,35.62690707350906,1132
2017-02-06,35.05205479452056,1133
2017-02-07,31.580110497237595,1134
2017-02-08,30.125170068027227,1135
2017-02-09,34.24863387978146,1136
2017-02-10,36.98637602179843,1137
2017-02-11,35.19918144611191,1138
2017-02-12,37.138964577656694,1139
2017-02-13,36.292915531335154,1140
2017-02-14,36.888738127544094,1141
2017-02-15,38.496589358799554,1142
2017-02-16,40.40353260869565,1143
2017-02-17,41.98236092265952,1144
2017-02-18,42.56580732700138,1145
2017-02-19,40.057298772169126,1146
2017-02-20,40.35365853658548,1147
2017-02-21,38.967785234899395,1148
2017-02-22,39.94652406417108,1149
2017-02-23,41.60160427807494,1150
2017-02-24,40.94319682959053,1151
2017-02-25,41.44385733157209,1152
2017-02-26,42.70557029177726,1153
2017-02-27,39.45609436435133,1154
2017-02-28,34.35687382297554,1155
2017-03-01,39.1605504587155,1156
2017-03-02,41.953339432753765,1157
2017-03-03,42.973515981734984,1158
2017-03-04,44.853613906678675,1159
2017-03-05,43.01280878316544,1160
2017-03-06,40.89507299270055,1161
2017-03-07,42.34061930783217,1162
2017-03-08,44.21940163191278,1163
2017-03-09,43.361336946702686,1164
2017-03-10,40.264864864864826,1165
2017-03-11,40.73688969258578,1166
2017-03-12,40.69581056466297,1167
2017-03-13,38.884650317892714,1168
2017-03-14,41.500905797101254,1169
2017-03-15,43.19095022624414,1170
2017-03-16,44.621597096188545,1171
2017-03-17,44.25135623869776,1172
2017-03-18,42.87873303167402,1173
2017-03-19,43.43076923076901,1174
2017-03-20,42.87624209575412,1175
2017-03-21,43.674774774774576,1176
2017-03-22,43.84358047016261,1177
2017-03-23,45.13031674208126,1178
2017-03-24,45.06384892086308,1179
2017-03-25,42.17011701170099,1180
2017-03-26,40.191508581752245,1181
2017-03-27,38.46660649819481,1182
2017-03-28,38.827772768259514,1183
2017-03-29,43.17715827338118,1184
2017-03-30,41.64986498649846,1185
2017-03-31,40.701598579040756,1186
2017-04-01,43.676181980374366,1187
2017-04-02,44.14579606440055,1188
2017-04-03,43.5373665480425,1189
2017-04-04,45.58081705150962,1190
2017-04-05,45.96999117387451,1191
2017-04-06,44.814716312056525,1192
2017-04-07,46.689105403011204,1193
2017-04-08,50.96088888888856,1194
2017-04-09,53.397504456327795,1195
2017-04-10,52.2513274336282,1196
2017-04-11,48.270629991126725,1197
2017-04-12,47.84187279151923,1198
2017-04-13,49.16194690265459,1199
2017-04-14,50.49245785270599,1200
2017-04-15,50.7701863354035,1201
2017-04-16,48.86956521739101,1202
2017-04-17,43.54159292035374,1203
2017-04-18,44.4915555555553,1204
2017-04-19,42.733392382639266,1205
2017-04-20,44.06405693950159,1206
2017-04-21,43.42920353982285,1207
2017-04-22,43.14614703277226,1208
2017-04-23,45.44711111111097,1209
2017-04-24,47.57838795394128,1210
2017-04-25,45.21270962047639,1211
2017-04-26,41.80336581045157,1212
2017-04-27,43.159433126660616,1213
2017-04-28,43.77738515901047,1214
2017-04-29,42.17964601769893,1215
2017-04-30,42.04973821989517,1216
2017-05-01,44.85169124024275,1217
2017-05-02,49.067767158991956,1218
2017-05-03,46.91644908616167,1219
2017-05-04,46.53484320557468,1220
2017-05-05,45.558260869564954,1221
2017-05-06,46.51480836236919,1222
2017-05-07,47.635652173912824,1223
2017-05-08,50.05308964316772,1224
2017-05-09,49.99565217391281,1225
2017-05-10,49.802426343154025,1226
2017-05-11,46.745013009540095,1227
2017-05-12,46.217504332755425,1228
2017-05-13,48.70511708586275,1229
2017-05-14,51.28620988725036,1230
2017-05-15,50.17590987868261,1231
2017-05-16,51.73130434782594,1232
2017-05-17,50.464751958224426,1233
2017-05-18,45.38401390095548,1234
2017-05-19,41.824347826086736,1235
2017-05-20,40.392857142857,1236
2017-05-21,42.92334494773508,1237
2017-05-22,44.79283216783206,1238
2017-05-23,45.38145231846007,1239
2017-05-24,44.66434176111577,1240
2017-05-25,44.364428945073875,1241
2017-05-26,45.20262008733598,1242
2017-05-27,43.73187772925737,1243
2017-05-28,44.62445414847144,1244
2017-05-29,44.78846153846136,1245
2017-05-30,43.799651567944046,1246
2017-05-31,45.872062663185105,1247
2017-06-01,47.33593749999976,1248
2017-06-02,50.114853195163946,1249
2017-06-03,50.72625215889456,1250
2017-06-04,48.36308492201027,1251
2017-06-05,44.12956521739116,1252
2017-06-06,44.02264808362361,1253
2017-06-07,45.42484795829698,1254
2017-06-08,49.1242397914855,1255
2017-06-09,52.61130434782594,1256
2017-06-10,53.43516100957348,1257
2017-06-11,47.8356643356642,1258
2017-06-12,46.33886462882088,1259
2017-06-13,45.67452006980794,1260
2017-06-14,46.3417832167831,1261
2017-06-15,47.378774805866996,1262
2017-06-16,46.36332476435286,1263
2017-06-17,43.109470026064116,1264
2017-06-18,39.83448275862064,1265
2017-06-19,40.99396551724122,1266
2017-06-20,46.263112639724646,1267
2017-06-21,46.968185726569,1268
2017-06-22,41.486111111111086,1269
2017-06-23,39.68411867364746,1270
2017-06-24,42.67248908296923,1271
2017-06-25,43.49956255468051,1272
2017-06-26,43.39388646288193,1273
2017-06-27,44.159090909090715,1274
2017-06-28,45.881326352530294,1275
2017-06-29,45.63588850174198,1276
2017-06-30,43.32491289198599,1277
2017-07-01,42.70442477876094,1278
2017-07-02,45.73025732031933,1279
2017-07-03,47.005272407732775,1280
2017-07-04,45.51936619718292,1281
2017-07-05,45.24978012313095,1282
2017-07-06,45.882657463330325,1283
2017-07-07,47.11744386873903,1284
2017-07-08,45.77185314685299,1285
2017-07-09,45.434440559440326,1286
2017-07-10,47.476855895196366,1287
2017-07-11,45.80557977332157,1288
2017-07-12,43.486910994764294,1289
2017-07-13,40.883173496076544,1290
2017-07-14,41.04094076655043,1291
2017-07-15,43.741907261592075,1292
2017-07-16,44.21001757469228,1293
2017-07-17,46.326619964973574,1294
2017-07-18,48.70753064798575,1295
2017-07-19,50.288713910760954,1296
2017-07-20,49.97641921397368,1297
2017-07-21,49.013949433304106,1298
2017-07-22,46.3905841325194,1299
2017-07-23,44.12795793163878,1300
2017-07-24,41.38986013986001,1301
2017-07-25,41.176882661996395,1302
2017-07-26,44.26075504828781,1303
2017-07-27,43.07329842931915,1304
2017-07-28,41.68815331010447,1305
2017-07-29,40.331299040976354,1306
2017-07-30,42.05253940455327,1307
2017-07-31,47.4008695652172,1308
2017-08-01,50.15619546247802,1309
2017-08-02,48.53397212543535,1310
2017-08-03,48.879790940766426,1311
2017-08-04,43.0514834205933,1312
2017-08-05,39.602966841186664,1313
2017-08-06,36.91513560804888,1314
2017-08-07,37.371603856266404,1315
2017-08-08,41.22047244094476,1316
2017-08-09,45.81156879929867,1317
2017-08-10,46.50743657042856,1318
2017-08-11,42.89833479404026,1319
2017-08-12,41.133450395083365,1320
2017-08-13,40.38271604938259,1321
2017-08-14,38.68049426301847,1322
2017-08-15,38.34867256637163,1323
2017-08-16,41.22047244094481,1324
2017-08-17,40.10498687664035,1325
2017-08-18,41.658813263525175,1326
2017-08-19,45.58245614035069,1327
2017-08-20,43.73573309920967,1328
2017-08-21,43.65309734513252,1329
2017-08-22,43.971027216856704,1330
2017-08-23,41.13857016769617,1331
2017-08-24,41.88640429338083,1332
2017-08-25,43.6869955156949,1333
2017-08-26,45.90608228980298,1334
2017-08-27,45.95434198746627,1335
2017-08-28,45.19569120287231,1336
2017-08-29,42.555156950672455,1337
2017-08-30,44.83393177737856,1338
2017-08-31,43.69576719576704,1339
2017-09-01,42.65553602811943,1340
2017-09-02,43.83992963940198,1341
2017-09-03,44.81504424778756,1342
2017-09-04,45.711521547932925,1343
2017-09-05,41.59413854351669,1344
2017-09-06,37.46990116801434,1345
2017-09-07,40.982789855072426,1346
2017-09-08,43.04375569735628,1347
2017-09-09,42.615384615384436,1348
2017-09-10,41.92102846648297,1349
2017-09-11,42.4340148698884,1350
2017-09-12,43.8437499999998,1351
2017-09-13,41.191431175934284,1352
2017-09-14,41.59020852221212,1353
2017-09-15,43.37217705510364,1354
2017-09-16,43.35507246376786,1355
2017-09-17,41.81702898550711,1356
2017-09-18,39.51924798567583,1357
2017-09-19,38.46891651865003,1358
2017-09-20,39.59717314487616,1359
2017-09-21,39.5288888888888,1360
2017-09-22,41.601417183347934,1361
2017-09-23,44.60638297872323,1362
2017-09-24,45.960888888888725,1363
2017-09-25,45.17526690391443,1364
2017-09-26,43.28166519043388,1365
2017-09-27,41.05137289636837,1366
2017-09-28,42.69115044247777,1367
2017-09-29,42.13604240282677,1368
2017-09-30,40.36572438162533,1369
2017-10-01,42.676094890510846,1370
2017-10-02,42.82688766114158,1371
2017-10-03,39.47619047619031,1372
2017-10-04,39.719557195571944,1373
2017-10-05,39.859245630174726,1374
2017-10-06,41.323720930232476,1375
2017-10-07,39.011246485473194,1376
2017-10-08,35.164628410159786,1377
2017-10-09,31.83240223463682,1378
2017-10-10,33.33209302325576,1379
2017-10-11,33.461397058823415,1380
2017-10-12,34.76405529953908,1381
2017-10-13,37.233179723502275,1382
2017-10-14,37.64760147601464,1383
2017-10-15,35.90573012938992,1384
2017-10-16,36.955473098330124,1385
2017-10-17,40.25624421831623,1386
2017-10-18,44.569842738205146,1387
2017-10-19,44.83178438661696,1388
2017-10-20,42.563025210083886,1389
2017-10-21,40.467666354264196,1390
2017-10-22,39.233741753063036,1391
2017-10-23,36.230985915492894,1392
2017-10-24,36.48646125116703,1393
2017-10-25,37.22523364485968,1394
2017-10-26,39.76498127340819,1395
2017-10-27,38.01587301587296,1396
2017-10-28,36.44808231992501,1397
2017-10-29,35.49999999999991,1398
2017-10-30,34.74039362699147,1399
2017-10-31,32.85132575757566,1400
2017-11-01,33.01227830832195,1401
2017-11-02,33.463114754098406,1402
2017-11-03,31.65241379310344,1403
2017-11-04,30.696255201109526,1404
2017-11-05,29.97638888888881,1405
2017-11-06,28.684065934065863,1406
2017-11-07,27.248974008207867,1407
2017-11-08,27.23108665749656,1408
2017-11-09,29.681755829903953,1409
2017-11-10,34.404401650619,1410
2017-11-11,35.7493112947659,1411
2017-11-12,32.19421487603302,1412
2017-11-13,30.914127423822674,1413
2017-11-14,33.23999999999997,1414
2017-11-15,32.786703601107995,1415
2017-11-16,31.382068965517192,1416
2017-11-17,33.2861111111111,1417
2017-11-18,35.00000000000003,1418
2017-11-19,34.50561797752809,1419
2017-11-20,33.843055555555594,1420
2017-11-21,30.840277777777775,1421
2017-11-22,29.52275862068959,1422
2017-11-23,30.878284923928057,1423
2017-11-24,33.77392510402217,1424
2017-11-25,36.297222222222246,1425
2017-11-26,36.24305555555557,1426
2017-11-27,37.1385041551247,1427
2017-11-28,36.123098201936415,1428
2017-11-29,32.16088765603325,1429
2017-11-30,29.474412171507577,1430
2017-12-01,30.787114845938333,1431
2017-12-02,32.57162921348311,1432
2017-12-03,34.04781997187063,1433
2017-12-04,33.17304964539005,1434
2017-12-05,32.03786816269282,1435
2017-12-06,31.576056338028096,1436
2017-12-07,30.84950773558367,1437
2017-12-08,28.497890295358598,1438
2017-12-09,30.162200282087394,1439
2017-12-10,31.332861189801665,1440
2017-12-11,30.486562942008437,1441
2017-12-12,32.319268635724384,1442
2017-12-13,32.0887323943662,1443
2017-12-14,33.34173669467785,1444
2017-12-15,30.879720279720196,1445
2017-12-16,32.71669004207573,1446
2017-12-17,29.464135021096975,1447
2017-12-18,25.21488764044942,1448
2017-12-19,28.05923836389278,1449
2017-12-20,32.949367088607644,1450
2017-12-21,30.188466947960585,1451
2017-12-22,26.242253521126763,1452
2017-12-23,27.90381895332385,1453
2017-12-24,30.418803418803403,1454
2017-12-25,32.985652797704496,1455
2017-12-26,30.536067892503542,1456
2017-12-27,28.945147679324847,1457
2017-12-28,28.396624472573837,1458
2017-12-29,28.203966005665677,1459
2017-12-30,29.385164051355165,1460
2017-12-31,31.35994194484759,1461
2018-01-01,32.482240437158474,1462
2018-01-02,29.91994572591586,1463
2018-01-03,28.07972972972972,1464
2018-01-04,31.094086021505355,1465
2018-01-05,31.29205921938095,1466
2018-01-06,32.09798657718124,1467
2018-01-07,31.421052631578945,1468
2018-01-08,26.47503373819161,1469
2018-01-09,28.120270270270208,1470
2018-01-10,28.706989247311753,1471
2018-01-11,29.382550335570443,1472
2018-01-12,30.74832663989289,1473
2018-01-13,32.12885906040275,1474
2018-01-14,32.21639784946239,1475
2018-01-15,30.33870967741933,1476
2018-01-16,28.16263440860213,1477
2018-01-17,28.48930481283417,1478
2018-01-18,31.235609103078968,1479
2018-01-19,33.29569892473119,1480
2018-01-20,34.64468371467032,1481
2018-01-21,33.711590296496,1482
2018-01-22,32.8781793842035,1483
2018-01-23,32.18024032042723,1484
2018-01-24,34.11333333333334,1485
2018-01-25,36.34400000000003,1486
2018-01-26,35.91989319092123,1487
2018-01-27,34.36631016042776,1488
2018-01-28,32.2139037433155,1489
2018-01-29,30.993324432576813,1490
2018-01-30,33.01608579088474,1491
2018-01-31,35.40775401069528,1492
2018-02-01,34.20694259012015,1493
2018-02-02,35.11796246648793,1494
2018-02-03,36.68364611260052,1495
2018-02-04,35.95174262734586,1496
2018-02-05,35.535570469798685,1497
2018-02-06,33.84069611780456,1498
2018-02-07,35.08445040214484,1499
2018-02-08,35.98262032085563,1500
2018-02-09,34.39438502673798,1501
2018-02-10,32.20564516129032,1502
2018-02-11,33.62684563758388,1503
2018-02-12,34.69536423841061,1504
2018-02-13,33.14701986754972,1505
2018-02-14,29.969895287958067,1506
2018-02-15,30.288888888888852,1507
2018-02-16,35.670603674540715,1508
2018-02-17,35.682894736842115,1509
2018-02-18,36.993412384716756,1510
2018-02-19,33.36842105263157,1511
2018-02-20,32.21045751633985,1512
2018-02-21,33.26769626769621,1513
2018-02-22,33.37117346938775,1514
2018-02-23,32.64167725540023,1515
2018-02-24,34.8147208121827,1516
2018-02-25,38.83078880407131,1517
2018-02-26,40.309252217997546,1518
2018-02-27,40.335435056746554,1519
2018-02-28,34.78171641791039,1520
2018-03-01,39.57685185185177,1521
2018-03-02,42.50371057513895,1522
2018-03-03,44.0998134328356,1523
2018-03-04,43.6688372093022,1524
2018-03-05,42.04726598702487,1525
2018-03-06,41.262915129151175,1526
2018-03-07,40.61275415896476,1527
2018-03-08,42.48014773776535,1528
2018-03-09,43.46189164370966,1529
2018-03-10,41.641544117646966,1530
2018-03-11,40.58141674333022,1531
2018-03-12,41.377306273062565,1532
2018-03-13,43.641404805914895,1533
2018-03-14,44.754578754578546,1534
2018-03-15,48.364135407136104,1535
2018-03-16,44.164533820840845,1536
2018-03-17,41.53571428571403,1537
2018-03-18,42.499540863177,1538
2018-03-19,42.587751371115,1539
2018-03-20,40.69624885635859,1540
2018-03-21,42.14663023679409,1541
2018-03-22,44.370776255707625,1542
2018-03-23,45.83638025594125,1543
2018-03-24,44.98348623853187,1544
2018-03-25,43.80991735537179,1545
2018-03-26,42.469350411710735,1546
2018-03-27,39.40109389243372,1547
2018-03-28,36.22710622710611,1548
2018-03-29,41.724862888482434,1549
2018-03-30,43.440988106129815,1550
2018-03-31,46.65036231884041,1551
2018-04-01,45.17197452229278,1552
2018-04-02,42.55454545454538,1553
2018-04-03,41.7713248638837,1554
2018-04-04,45.594741613780435,1555
2018-04-05,48.01631912964619,1556
2018-04-06,44.70387038703851,1557
2018-04-07,41.05324909747281,1558
2018-04-08,44.21719457013557,1559
2018-04-09,43.14298642533922,1560
2018-04-10,47.310749774164236,1561
2018-04-11,49.79200726612149,1562
2018-04-12,52.5245009074408,1563
2018-04-13,49.261343012704,1564
2018-04-14,47.5856754306435,1565
2018-04-15,44.72388737511331,1566
2018-04-16,45.676337262012446,1567
2018-04-17,49.45364536453614,1568
2018-04-18,49.54455445544533,1569
2018-04-19,49.222522522522205,1570
2018-04-20,50.42266187050331,1571
2018-04-21,51.66036036036012,1572
2018-04-22,51.923215898825454,1573
2018-04-23,52.0895927601808,1574
2018-04-24,51.768953068591934,1575
2018-04-25,48.16711833784986,1576
2018-04-26,50.50315599639288,1577
2018-04-27,51.07747747747727,1578
2018-04-28,52.76555455365186,1579
2018-04-29,50.26311030741382,1580
2018-04-30,51.932683790965214,1581
2018-05-01,53.13616268788668,1582
2018-05-02,50.82933333333318,1583
2018-05-03,47.26259946949582,1584
2018-05-04,50.53628318584042,1585
2018-05-05,51.725333333333154,1586
2018-05-06,51.78488888888874,1587
2018-05-07,54.59553571428558,1588
2018-05-08,57.131367292225036,1589
2018-05-09,55.82961641391596,1590
2018-05-10,51.91281138790016,1591
2018-05-11,48.34252669039119,1592
2018-05-12,45.61764705882344,1593
2018-05-13,43.70561998215874,1594
2018-05-14,45.404274265360385,1595
2018-05-15,46.68772241992872,1596
2018-05-16,45.61565836298915,1597
2018-05-17,46.09884238646476,1598
2018-05-18,44.11347517730483,1599
2018-05-19,41.8155080213902,1600
2018-05-20,42.1528150134046,1601
2018-05-21,43.57829181494644,1602
2018-05-22,42.951828724353106,1603
2018-05-23,47.20572450804981,1604
2018-05-24,51.40142095914733,1605
2018-05-25,51.56598759964559,1606
2018-05-26,49.30238726790442,1607
2018-05-27,47.483555555555455,1608
2018-05-28,47.168449197861015,1609
2018-05-29,48.545212765957345,1610
2018-05-30,41.83850931677019,1611
2018-05-31,43.35695305580148,1612
2018-06-01,46.11603188662515,1613
2018-06-02,45.53682342502203,1614
2018-06-03,45.71783496007085,1615
2018-06-04,48.41534391534379,1616
2018-06-05,48.75198587819929,1617
2018-06-06,47.785840707964454,1618
2018-06-07,51.77200704225333,1619
2018-06-08,54.15743183817048,1620
2018-06-09,48.69366197183075,1621
2018-06-10,42.50220264317174,1622
2018-06-11,43.26501766784436,1623
2018-06-12,44.71629955947117,1624
2018-06-13,45.30343007915542,1625
2018-06-14,46.46737213403865,1626
2018-06-15,45.61471103327478,1627
2018-06-16,45.67282321899727,1628
2018-06-17,44.7019572953736,1629
2018-06-18,45.75438596491221,1630
2018-06-19,41.427440633245276,1631
2018-06-20,43.95982532751085,1632
2018-06-21,43.357394366197084,1633
2018-06-22,43.35582822085868,1634
2018-06-23,41.70070422535197,1635
2018-06-24,41.53197158081695,1636
2018-06-25,42.47999999999985,1637
2018-06-26,44.822026431717845,1638
2018-06-27,44.42958370239133,1639
2018-06-28,45.65128660159702,1640
2018-06-29,47.84499557130188,1641
2018-06-30,47.36790780141838,1642
2018-07-01,44.7086684539767,1643
2018-07-02,46.09292035398211,1644
2018-07-03,46.82133333333328,1645
2018-07-04,43.98037466547713,1646
2018-07-05,43.12599822537691,1647
2018-07-06,43.1859430604981,1648
2018-07-07,45.85152057245051,1649
2018-07-08,48.24910394265214,1650
2018-07-09,51.23975044563267,1651
2018-07-10,51.88471849865945,1652
2018-07-11,48.600178094389825,1653
2018-07-12,50.27087033747762,1654
2018-07-13,52.654593639575886,1655
2018-07-14,49.651060070671285,1656
2018-07-15,46.981366459627196,1657
2018-07-16,49.01943462897511,1658
2018-07-17,45.3321554770316,1659
2018-07-18,44.32303618711377,1660
2018-07-19,49.515364354696935,1661
2018-07-20,48.242957746478695,1662
2018-07-21,43.99822695035448,1663
2018-07-22,42.85057471264347,1664
2018-07-23,44.72095070422522,1665
2018-07-24,45.70220264317172,1666
2018-07-25,47.718694885361465,1667
2018-07-26,49.37182852143474,1668
2018-07-27,49.062445793581844,1669
2018-07-28,48.615048118985015,1670
2018-07-29,46.596119929453074,1671
2018-07-30,45.987826086956346,1672
2018-07-31,46.69723183390992,1673
2018-08-01,46.84440559440543,1674
2018-08-02,46.792863359442954,1675
2018-08-03,47.50739773716275,1676
2018-08-04,47.70396475770914,1677
2018-08-05,46.083333333333215,1678
2018-08-06,47.778753292361515,1679
2018-08-07,45.663157894736734,1680
2018-08-08,47.28383128295235,1681
2018-08-09,48.57443082311716,1682
2018-08-10,47.15638575152028,1683
2018-08-11,43.127192982455995,1684
2018-08-12,42.23801065719342,1685
2018-08-13,42.54545454545447,1686
2018-08-14,43.967227635075105,1687
2018-08-15,44.515957446808244,1688
2018-08-16,43.79096545615584,1689
2018-08-17,43.85411140583536,1690
2018-08-18,41.57978723404249,1691
2018-08-19,40.047914818101106,1692
2018-08-20,40.28039041703628,1693
2018-08-21,40.083333333333236,1694
2018-08-22,42.66813768755493,1695
2018-08-23,45.554280670785374,1696
2018-08-24,47.80369718309848,1697
2018-08-25,47.420264317180376,1698
2018-08-26,45.547872340425286,1699
2018-08-27,43.41290893015017,1700
2018-08-28,41.56525573192229,1701
2018-08-29,41.50353356890455,1702
2018-08-30,40.8894783377541,1703
2018-08-31,42.130626654898386,1704
2018-09-01,38.77325066430451,1705
2018-09-02,37.79626334519571,1706
2018-09-03,37.50940017905097,1707
2018-09-04,40.268749999999905,1708
2018-09-05,41.149293286219006,1709
2018-09-06,39.80952380952366,1710
2018-09-07,38.5549692172382,1711
2018-09-08,35.36596119929447,1712
2018-09-09,33.98674911660771,1713
2018-09-10,34.92430988423864,1714
2018-09-11,36.58288288288293,1715
2018-09-12,35.99190647482012,1716
2018-09-13,36.324324324324294,1717
2018-09-14,38.181571815718065,1718
2018-09-15,38.41470054446463,1719
2018-09-16,37.570905763952354,1720
2018-09-17,38.05305755395676,1721
2018-09-18,39.49775784753351,1722
2018-09-19,40.72515666965074,1723
2018-09-20,43.35828877005332,1724
2018-09-21,39.58392226148409,1725
2018-09-22,36.28952042628773,1726
2018-09-23,35.68210151380238,1727
2018-09-24,32.96891651865002,1728
2018-09-25,32.47551202137124,1729
2018-09-26,35.30871886120999,1730
2018-09-27,36.11576135351739,1731
2018-09-28,36.446619217081754,1732
2018-09-29,34.84732142857142,1733
2018-09-30,34.07692307692306,1734
2018-10-01,33.72905027932954,1735
2018-10-02,31.628491620111728,1736
2018-10-03,32.54934823091244,1737
2018-10-04,32.14219330855012,1738
2018-10-05,31.83518518518521,1739
2018-10-06,32.543843283582106,1740
2018-10-07,32.30223880597019,1741
2018-10-08,33.220754716981084,1742
2018-10-09,33.37546816479395,1743
2018-10-10,29.779245283018785,1744
2018-10-11,29.65687203791461,1745
2018-10-12,33.149576669802386,1746
2018-10-13,33.939622641509345,1747
2018-10-14,32.16982922201137,1748
2018-10-15,30.628169014084428,1749
2018-10-16,30.001879699248093,1750
2018-10-17,33.1234684260132,1751
2018-10-18,35.573986804901004,1752
2018-10-19,35.979146919431265,1753
2018-10-20,35.8231939163497,1754
2018-10-21,36.22296650717701,1755
2018-10-22,35.21639656816015,1756
2018-10-23,34.956232159847794,1757
2018-10-24,33.705544933078336,1758
2018-10-25,31.935299714557512,1759
2018-10-26,31.774285714285636,1760
2018-10-27,34.796561604584454,1761
2018-10-28,36.00672430355419,1762
2018-10-29,36.40287081339702,1763
2018-10-30,35.96752626552046,1764
2018-10-31,34.47171620325982,1765
2018-11-01,34.26675257731962,1766
2018-11-02,33.45561357702351,1767
2018-11-03,36.71166448230665,1768
2018-11-04,35.014435695538005,1769
2018-11-05,32.45442708333329,1770
2018-11-06,32.05380577427821,1771
2018-11-07,32.21465968586382,1772
2018-11-08,29.96042216358833,1773
2018-11-09,30.911258278145596,1774
2018-11-10,33.99866844207721,1775
2018-11-11,34.07352941176465,1776
2018-11-12,30.67338709677416,1777
2018-11-13,29.624161073825494,1778
2018-11-14,31.192771084337345,1779
2018-11-15,30.97466666666666,1780
2018-11-16,32.10652463382157,1781
2018-11-17,33.87316421895854,1782
2018-11-18,32.32356857523298,1783
2018-11-19,27.525401069518704,1784
2018-11-20,31.06157965194107,1785
2018-11-21,32.21832884097032,1786
2018-11-22,33.07983761840327,1787
2018-11-23,32.31207598371772,1788
2018-11-24,31.58231292517007,1789
2018-11-25,30.04341926729984,1790
2018-11-26,28.298102981029736,1791
2018-11-27,28.81571815718158,1792
2018-11-28,30.211382113821106,1793
2018-11-29,29.782432432432387,1794
2018-11-30,27.931451612903174,1795
2018-12-01,31.010825439783442,1796
2018-12-02,30.493188010899146,1797
2018-12-03,28.31743869209806,1798
2018-12-04,29.33606557377044,1799
2018-12-05,29.252747252747206,1800
2018-12-06,26.75136612021853,1801
2018-12-07,27.13736263736258,1802
2018-12-08,27.436813186813183,1803
2018-12-09,26.91369863013692,1804
2018-12-10,26.900136798905567,1805
2018-12-11,28.15270270270267,1806
2018-12-12,30.08254397834911,1807
2018-12-13,28.313090418353536,1808
2018-12-14,25.040595399188042,1809
2018-12-15,27.91132332878578,1810
2018-12-16,28.84196185286095,1811
2018-12-17,28.830832196452914,1812
2018-12-18,29.748299319727874,1813
2018-12-19,26.461224489795896,1814
2018-12-20,28.056910569105693,1815
2018-12-21,28.739837398373993,1816
2018-12-22,29.434604904632124,1817
2018-12-23,29.546938775510156,1818
2018-12-24,30.953804347826058,1819
2018-12-25,31.247267759562767,1820
2018-12-26,30.17534246575337,1821
2018-12-27,31.79642365887208,1822
2018-12-28,28.544959128065333,1823
2018-12-29,27.121751025991763,1824
2018-12-30,26.599173553719062,1825
2018-12-31,26.666666666666636,1826
2019-01-01,28.954350927246736,1827
2019-01-02,26.246826516220015,1828
2019-01-03,25.49224259520448,1829
2019-01-04,27.400564174894196,1830
2019-01-05,30.177715091678433,1831
2019-01-06,35.38494318181823,1832
2019-01-07,32.745042492917854,1833
2019-01-08,31.065340909090878,1834
2019-01-09,30.44444444444443,1835
2019-01-10,29.724431818181852,1836
2019-01-11,31.39462517680338,1837
2019-01-12,31.76879432624107,1838
2019-01-13,31.512820512820497,1839
2019-01-14,29.355618776671363,1840
2019-01-15,28.4688385269121,1841
2019-01-16,29.555084745762663,1842
2019-01-17,29.062146892655306,1843
2019-01-18,29.4164305949008,1844
2019-01-19,32.57485875706212,1845
2019-01-20,34.45467422096319,1846
2019-01-21,37.16430594900858,1847
2019-01-22,34.448226950354616,1848
2019-01-23,31.735127478753547,1849
2019-01-24,32.96883852691223,1850
2019-01-25,34.50849858356947,1851
2019-01-26,35.57467994310104,1852
2019-01-27,36.87142857142865,1853
2019-01-28,35.119318181818215,1854
2019-01-29,33.566951566951616,1855
2019-01-30,34.20454545454547,1856
2019-01-31,33.25847457627116,1857
2019-02-01,33.1242937853107,1858
2019-02-02,34.4786931818182,1859
2019-02-03,33.872857142857136,1860
2019-02-04,33.25248226950355,1861
2019-02-05,32.052781740370875,1862
2019-02-06,30.31908831908825,1863
2019-02-07,33.47092198581554,1864
2019-02-08,36.463068181818194,1865
2019-02-09,36.76967095851218,1866
2019-02-10,35.383070301291205,1867
2019-02-11,33.81312410841649,1868
2019-02-12,36.57346647646222,1869
2019-02-13,38.261669024045375,1870
2019-02-14,39.01126760563382,1871
2019-02-15,39.951048951049025,1872
2019-02-16,37.89577464788731,1873
2019-02-17,36.590140845070415,1874
2019-02-18,37.18953323903825,1875
2019-02-19,36.10724233983291,1876
2019-02-20,35.15994436717663,1877
2019-02-21,35.74171270718238,1878
2019-02-22,36.27510316368636,1879
2019-02-23,38.855172413793156,1880
2019-02-24,43.099722991689845,1881
2019-02-25,41.28294036061037,1882
2019-02-26,38.20923913043478,1883
2019-02-27,35.96491228070182,1884
2019-02-28,32.28049951969263,1885
2019-03-01,33.70841300191204,1886
2019-03-02,34.68264621284763,1887
2019-03-03,36.865830115830114,1888
2019-03-04,39.54054054054049,1889
2019-03-05,41.16475095785429,1890
2019-03-06,43.1988472622477,1891
2019-03-07,42.34552454282954,1892
2019-03-08,40.15774378585076,1893
2019-03-09,42.34263715110671,1894
2019-03-10,41.829643888354035,1895
2019-03-11,41.61872586872572,1896
2019-03-12,42.93043478260861,1897
2019-03-13,44.13666987487959,1898
2019-03-14,45.78067632850235,1899
2019-03-15,43.73051010587084,1900
2019-03-16,45.45612343297969,1901
2019-03-17,46.99420849420833,1902
2019-03-18,48.08508604206481,1903
2019-03-19,49.29473684210513,1904
2019-03-20,49.327602674307435,1905
2019-03-21,47.07449856733508,1906
2019-03-22,47.60704091341554,1907
2019-03-23,48.621904761904496,1908
2019-03-24,48.82217973231338,1909
2019-03-25,45.98675496688727,1910
2019-03-26,46.95274102079379,1911
2019-03-27,48.20340586565733,1912
2019-03-28,48.54349859681922,1913
2019-03-29,44.738604651162674,1914
2019-03-30,46.538246268656536,1915
2019-03-31,44.2530232558138,1916
2019-04-01,45.4187558031568,1917
2019-04-02,46.43200740055476,1918
2019-04-03,48.17920148560791,1919
2019-04-04,44.74422899353636,1920
2019-04-05,40.263351749539446,1921
2019-04-06,44.11966604823725,1922
2019-04-07,43.121155638396786,1923
2019-04-08,43.544783010156785,1924
2019-04-09,46.77142857142835,1925
2019-04-10,46.00460405156516,1926
2019-04-11,44.5718257645966,1927
2019-04-12,43.75116063138328,1928
2019-04-13,45.77488372092989,1929
2019-04-14,44.45581395348813,1930
2019-04-15,49.18374884579853,1931
2019-04-16,49.40774907749065,1932
2019-04-17,48.206099815156975,1933
2019-04-18,47.47402597402588,1934
2019-04-19,44.22592592592573,1935
2019-04-20,45.54359925788478,1936
2019-04-21,47.036245353159586,1937
2019-04-22,47.32159406858176,1938
2019-04-23,46.378353376503014,1939
2019-04-24,45.97309833024098,1940
2019-04-25,46.57987072945505,1941
2019-04-26,49.03136531365281,1942
2019-04-27,49.80591497227344,1943
2019-04-28,47.06313834726073,1944
2019-04-29,42.00836431226756,1945
2019-04-30,39.86928702010963,1946
2019-05-01,41.387625113739674,1947
2019-05-02,42.22810218978093,1948
2019-05-03,40.99270738377383,1949
2019-05-04,42.568807339449386,1950
2019-05-05,44.36430542778279,1951
2019-05-06,46.39522058823505,1952
2019-05-07,44.768102658111616,1953
2019-05-08,43.40423572743987,1954
2019-05-09,39.93223443223431,1955
2019-05-10,38.75229357798161,1956
2019-05-11,39.156106519742806,1957
2019-05-12,39.217111315547335,1958
2019-05-13,42.61974405850093,1959
2019-05-14,46.2976190476189,1960
2019-05-15,49.64010989010969,1961
2019-05-16,50.446575342465636,1962
2019-05-17,46.94641235240662,1963
2019-05-18,46.42673992673977,1964
2019-05-19,45.79227941176454,1965
2019-05-20,40.88514129443921,1966
2019-05-21,41.13090909090899,1967
2019-05-22,42.12488605287135,1968
2019-05-23,41.203839122486265,1969
2019-05-24,43.72511415525101,1970
2019-05-25,45.690476190475955,1971
2019-05-26,44.374655647382674,1972
2019-05-27,42.53640552995376,1973
2019-05-28,41.043478260869456,1974
2019-05-29,42.976168652612095,1975
2019-05-30,45.69413919413904,1976
2019-05-31,49.43761467889889,1977
2019-06-01,50.52762430939205,1978
2019-06-02,47.72088724584085,1979
2019-06-03,46.54628780934896,1980
2019-06-04,50.4903758020164,1981
2019-06-05,47.85870556061961,1982
2019-06-06,46.78447488584456,1983
2019-06-07,46.5444646098002,1984
2019-06-08,47.07901907356927,1985
2019-06-09,43.68956043956029,1986
2019-06-10,42.447897623400195,1987
2019-06-11,47.98733031674181,1988
2019-06-12,47.40562613430104,1989
2019-06-13,44.99545454545435,1990
2019-06-14,47.84377838328767,1991
2019-06-15,45.539233576642125,1992
2019-06-16,41.40219378427767,1993
2019-06-17,40.91033851784074,1994
2019-06-18,42.86029411764695,1995
2019-06-19,43.331192660550414,1996
2019-06-20,40.510560146923666,1997
2019-06-21,37.58547794117642,1998
2019-06-22,37.964022140221296,1999
2019-06-23,41.27014652014642,2000
2019-06-24,44.11604714415214,2001
2019-06-25,45.391621129325856,2002
2019-06-26,47.81346678798897,2003
2019-06-27,50.05742935278023,2004
2019-06-28,51.05983680870348,2005
2019-06-29,50.426751592356545,2006
2019-06-30,44.85610200364276,2007
2019-07-01,46.000912408758914,2008
2019-07-02,47.05200729926994,2009
2019-07-03,45.56090909090891,2010
2019-07-04,44.38321167883192,2011
2019-07-05,44.040983606557305,2012
2019-07-06,42.3183897529733,2013
2019-07-07,39.258986175115105,2014
2019-07-08,41.04753199268726,2015
2019-07-09,46.192552225249635,2016
2019-07-10,46.17502278942564,2017
2019-07-11,42.65177757520499,2018
2019-07-12,45.389645776566525,2019
2019-07-13,46.54603463992698,2020
2019-07-14,42.24636363636353,2021
2019-07-15,41.47545454545448,2022
2019-07-16,41.12488605287141,2023
2019-07-17,39.561020036429866,2024
2019-07-18,39.30438756855567,2025
2019-07-19,42.34366453965343,2026
2019-07-20,40.903019213174616,2027
2019-07-21,39.96780128794839,2028
2019-07-22,38.76508226691038,2029
2019-07-23,40.22536496350353,2030
2019-07-24,45.702727272727124,2031
2019-07-25,50.362318840579505,2032
2019-07-26,52.57504520795632,2033
2019-07-27,52.099818511796535,2034
2019-07-28,49.15894641235233,2035
2019-07-29,47.17909090909086,2036
2019-07-30,45.988181818181715,2037
2019-07-31,46.45810564663007,2038
2019-08-01,47.57324840764304,2039
2019-08-02,48.9954545454544,2040
2019-08-03,50.57611668185936,2041
2019-08-04,48.54231119199246,2042
2019-08-05,50.21707538601259,2043
2019-08-06,48.750228728270685,2044
2019-08-07,45.9835466179158,2045
2019-08-08,44.739963503649484,2046
2019-08-09,42.43013698630124,2047
2019-08-10,39.74567000911565,2048
2019-08-11,40.44821264894575,2049
2019-08-12,45.117700729926824,2050
2019-08-13,43.318430656934204,2051
2019-08-14,44.88213961922018,2052
2019-08-15,46.477396021699654,2053
2019-08-16,47.181900452488534,2054
2019-08-17,43.182893539581286,2055
2019-08-18,41.35433789954323,2056
2019-08-19,43.77979981801623,2057
2019-08-20,44.22776769509973,2058
2019-08-21,43.74477747502253,2059
2019-08-22,40.86557674841045,2060
2019-08-23,36.83015440508621,2061
2019-08-24,37.02459016393437,2062
2019-08-25,37.36928702010963,2063
2019-08-26,36.66969972702453,2064
2019-08-27,37.65245009074399,2065
2019-08-28,39.742520398912006,2066
2019-08-29,43.98728428701167,2067
2019-08-30,45.18579234972662,2068
2019-08-31,43.307339449541104,2069
2019-09-01,41.23225806451601,2070
2019-09-02,40.95018450184491,2071
2019-09-03,43.50092421441754,2072
2019-09-04,43.55586334256685,2073
2019-09-05,44.00922509225077,2074
2019-09-06,43.61384335154813,2075
2019-09-07,43.211151736745855,2076
2019-09-08,39.14390467461027,2077
2019-09-09,43.38630136986281,2078
2019-09-10,44.111514052583665,2079
2019-09-11,44.92384406164992,2080
2019-09-12,42.93303167420802,2081
2019-09-13,43.292196007259456,2082
2019-09-14,42.85336976320571,2083
2019-09-15,43.67547857793965,2084
2019-09-16,43.17363636363626,2085
2019-09-17,43.08265213442305,2086
2019-09-18,42.96821071752935,2087
2019-09-19,42.056108597284975,2088
2019-09-20,44.05135135135127,2089
2019-09-21,43.94133574007208,2090
2019-09-22,43.24613987284283,2091
2019-09-23,39.9394760614271,2092
2019-09-24,40.0353260869564,2093
2019-09-25,43.39511754068698,2094
2019-09-26,41.431674208144585,2095
2019-09-27,41.1002710027099,2096
2019-09-28,38.713122171945535,2097
2019-09-29,35.29518619436873,2098
2019-09-30,36.857013574660606,2099
2019-10-01,39.290018832391645,2100
2019-10-02,40.260377358490466,2101
2019-10-03,36.935272045028086,2102
2019-10-04,37.94266917293216,2103
2019-10-05,40.45943396226409,2104
2019-10-06,38.21895734597149,2105
2019-10-07,37.45943396226408,2106
2019-10-08,39.04433962264144,2107
2019-10-09,37.76879162702174,2108
2019-10-10,36.99999999999995,2109
2019-10-11,37.52968897266717,2110
2019-10-12,38.589792060491455,2111
2019-10-13,39.710227272727174,2112
2019-10-14,38.67138810198298,2113
2019-10-15,38.4643527204502,2114
2019-10-16,34.826741996233416,2115
2019-10-17,34.788022813688194,2116
2019-10-18,36.88240917782021,2117
2019-10-19,37.295019157088035,2118
2019-10-20,36.705314009661805,2119
2019-10-21,35.28694817658346,2120
2019-10-22,34.909788867562284,2121
2019-10-23,38.721955896452435,2122
2019-10-24,36.18905950095966,2123
2019-10-25,30.816522574447625,2124
2019-10-26,33.99422521655428,2125
2019-10-27,34.71804878048779,2126
2019-10-28,32.90106692531529,2127
2019-10-29,29.528557599225525,2128
2019-10-30,26.285299806576347,2129
2019-10-31,29.876804619826718,2130
2019-11-01,34.13422818791946,2131
2019-11-02,36.686406460296084,2132
2019-11-03,39.94986449864499,2133
2019-11-04,38.1521438450899,2134
2019-11-05,34.33751743375176,2135
2019-11-06,35.01671309192199,2136
2019-11-07,31.780555555555452,2137
2019-11-08,30.983379501384984,2138
2019-11-09,34.63749999999994,2139
2019-11-10,37.62777777777772,2140
2019-11-11,34.84722222222218,2141
2019-11-12,34.363888888888894,2142
2019-11-13,33.378116343490305,2143
2019-11-14,31.705555555555527,2144
2019-11-15,32.983310152990256,2145
2019-11-16,36.44273743016764,2146
2019-11-17,36.321229050279314,2147
2019-11-18,33.84508990318119,2148
2019-11-19,33.1300138312586,2149
2019-11-20,32.39419087136926,2150
2019-11-21,31.808599167822415,2151
2019-11-22,29.64951321279551,2152
2019-11-23,30.695833333333276,2153
2019-11-24,32.88687150837986,2154
2019-11-25,33.95403899721448,2155
2019-11-26,32.66342141863698,2156
2019-11-27,32.29207232267032,2157
2019-11-28,30.9191073919107,2158
2019-11-29,30.127808988763995,2159
2019-11-30,32.23249299719883,2160
2019-12-01,31.971014492753593,2161
2019-12-02,30.489239598278328,2162
2019-12-03,28.32999999999997,2163
2019-12-04,28.087142857142833,2164
2019-12-05,31.727793696275057,2165
2019-12-06,30.087769784172686,2166
2019-12-07,30.78879310344827,2167
2019-12-08,33.41329479768784,2168
2019-12-09,28.94653179190747,2169
2019-12-10,27.13662790697669,2170
2019-12-11,27.302898550724574,2171
2019-12-12,27.26917510853829,2172
2019-12-13,26.13062409288824,2173
2019-12-14,31.713245997088766,2174
2019-12-15,33.510204081632665,2175
2019-12-16,29.899999999999995,2176
2019-12-17,30.811866859623724,2177
2019-12-18,31.866187050359734,2178
2019-12-19,32.10838150289016,2179
2019-12-20,28.757575757575726,2180
2019-12-21,27.914492753623104,2181
2019-12-22,30.894812680115276,2182
2019-12-23,28.008633093525162,2183
2019-12-24,31.210449927431036,2184
2019-12-25,32.90684133915572,2185
2019-12-26,29.365747460087064,2186
2019-12-27,27.962264150943387,2187
2019-12-28,29.134782608695613,2188
2019-12-29,29.922852983988328,2189
2019-12-30,31.625180897250345,2190
2019-12-31,31.46947674418605,2191
2020-01-01,33.386956521739116,2192
2020-01-02,29.945558739255024,2193
2020-01-03,26.471861471861448,2194
2020-01-04,32.33092485549129,2195
2020-01-05,34.35166425470336,2196
2020-01-06,32.96671490593347,2197
2020-01-07,31.865329512893926,2198
2020-01-08,34.42285714285716,2199
2020-01-09,33.24821683309559,2200
2020-01-10,30.7685714285714,2201
2020-01-11,32.06349206349204,2202
2020-01-12,31.3878437047757,2203
2020-01-13,28.047277936962722,2204
2020-01-14,27.771428571428533,2205
2020-01-15,28.588571428571342,2206
2020-01-16,31.508571428571393,2207
2020-01-17,32.75428571428567,2208
2020-01-18,32.467811158798256,2209
2020-01-19,32.45050215208038,2210
2020-01-20,32.093390804597746,2211
2020-01-21,33.26466380543633,2212
2020-01-22,31.916546762589835,2213
2020-01-23,27.28796561604583,2214
2020-01-24,29.785714285714278,2215
2020-01-25,32.00286123032904,2216
2020-01-26,32.48068669527893,2217
2020-01-27,32.59482758620688,2218
2020-01-28,33.779202279202295,2219
2020-01-29,32.66191155492155,2220
2020-01-30,30.767806267806243,2221
2020-01-31,29.628531073446315,2222
2020-02-01,32.28936170212765,2223
2020-02-02,37.948790896159295,2224
2020-02-03,38.10271041369481,2225
2020-02-04,34.235795454545446,2226
2020-02-05,31.864978902953602,2227
2020-02-06,31.46272855133616,2228
2020-02-07,36.55384615384624,2229
2020-02-08,38.99158485273497,2230
2020-02-09,36.22566995768687,2231
2020-02-10,31.648951048951005,2232
2020-02-11,32.058823529411775,2233
2020-02-12,32.84180790960453,2234
2020-02-13,35.022068965517256,2235
2020-02-14,36.342975206611634,2236
2020-02-15,38.987603305785186,2237
2020-02-16,38.24204702627944,2238
2020-02-17,37.29085872576182,2239
2020-02-18,35.66024759284736,2240
2020-02-19,36.331499312242116,2241
2020-02-20,38.1238095238096,2242
2020-02-21,38.652645861601144,2243
2020-02-22,39.3787465940055,2244
2020-02-23,40.6171662125341,2245
2020-02-24,38.716216216216296,2246
2020-02-25,36.94070080862535,2247
2020-02-26,38.36742934051153,2248
2020-02-27,39.528074866310284,2249
2020-02-28,41.138851802403316,2250
2020-02-29,38.5045045045045,2251
2020-03-01,43.011776251226536,2252
2020-03-02,39.783705140640116,2253
2020-03-03,38.02321083172147,2254
2020-03-04,39.138030888030876,2255
2020-03-05,39.80384615384601,2256
2020-03-06,40.02298850574706,2257
2020-03-07,41.504807692307615,2258
2020-03-08,42.398815399802416,2259
2020-03-09,39.93768257059387,2260
2020-03-10,33.8511263467189,2261
2020-03-11,32.96050096339113,2262
2020-03-12,35.69961612284067,2263
2020-03-13,37.3403846153846,2264
2020-03-14,36.72657004830919,2265
2020-03-15,37.11844660194172,2266
2020-03-16,35.23158914728678,2267
2020-03-17,33.793436293436244,2268
2020-03-18,33.39749759384013,2269
2020-03-19,33.81292189006747,2270
2020-03-20,36.87440076701822,2271
2020-03-21,37.62835249042147,2272
2020-03-22,36.39597315436241,2273
2020-03-23,35.151284490960975,2274
2020-03-24,36.894786729857856,2275
2020-03-25,40.27615457115917,2276
2020-03-26,40.21354656632164,2277
2020-03-27,39.88993414863582,2278
2020-03-28,40.6188679245282,2279
2020-03-29,43.158490566037656,2280
2020-03-30,41.713214620430975,2281
2020-03-31,39.08534322820026,2282
2020-04-01,42.14604651162775,2283
2020-04-02,43.101301115241526,2284
2020-04-03,43.371057513914515,2285
2020-04-04,38.96282527881028,2286
2020-04-05,39.60484622553579,2287
2020-04-06,41.564814814814596,2288
2020-04-07,41.16991643454023,2289
2020-04-08,41.37604456824493,2290
2020-04-09,42.83271375464664,2291
2020-04-10,42.638733705772644,2292
2020-04-11,45.07069767441838,2293
2020-04-12,41.580373831775496,2294
2020-04-13,40.385338345864575,2295
2020-04-14,43.24812734082385,2296
2020-04-15,44.7979420018708,2297
2020-04-16,46.12581547064295,2298
2020-04-17,44.091417910447674,2299
2020-04-18,42.802987861811246,2300
2020-04-19,42.12698412698397,2301
2020-04-20,44.76190476190463,2302
2020-04-21,46.07448789571679,2303
2020-04-22,44.862873134328154,2304
2020-04-23,43.141658900279474,2305
2020-04-24,44.07335190343526,2306
2020-04-25,45.167597765363006,2307
2020-04-26,45.3081936685286,2308
2020-04-27,46.30682881197357,2309
2020-04-28,47.020484171321925,2310
2020-04-29,46.254174397031335,2311
2020-04-30,45.895412844036535,2312
2020-05-01,48.68435498627609,2313
2020-05-02,48.853345554536844,2314
2020-05-03,48.316129032257884,2315
2020-05-04,45.601469237832646,2316
2020-05-05,45.11668185961696,2317
2020-05-06,48.11384335154813,2318
2020-05-07,51.50501367365511,2319
2020-05-08,45.764545454545136,2320
2020-05-09,46.51506849315051,2321
2020-05-10,46.863428047662474,2322
2020-05-11,43.013736263736185,2323
2020-05-12,43.42948717948697,2324
2020-05-13,44.029330889092385,2325
2020-05-14,43.48073394495394,2326
2020-05-15,45.3198529411762,2327
2020-05-16,43.55452865064683,2328
2020-05-17,40.77108433734928,2329
2020-05-18,41.19705340699809,2330
2020-05-19,41.42975206611562,2331
2020-05-20,41.070255474452416,2332
2020-05-21,41.93881278538798,2333
2020-05-22,41.28244972577697,2334
2020-05-23,41.92850595783667,2335
2020-05-24,41.7930082796687,2336
2020-05-25,40.56826568265666,2337
2020-05-26,42.30073126142587,2338
2020-05-27,41.01730418943524,2339
2020-05-28,40.00090826521333,2340
2020-05-29,40.78818181818168,2341
2020-05-30,41.26575342465744,2342
2020-05-31,41.97440585009127,2343
2020-06-01,46.49274047186901,2344
2020-06-02,50.01912568305992,2345
2020-06-03,48.60948905109476,2346
2020-06-04,48.7084095063984,2347
2020-06-05,43.73290793071998,2348
2020-06-06,44.62511457378534,2349
2020-06-07,40.69899359560827,2350
2020-06-08,43.48219178082191,2351
2020-06-09,42.429622815087356,2352
2020-06-10,41.67668488160279,2353
2020-06-11,44.716621253405805,2354
2020-06-12,47.82406563354579,2355
2020-06-13,44.95321100917418,2356
2020-06-14,43.76816927322898,2357
2020-06-15,45.415370539798474,2358
2020-06-16,47.63470319634687,2359
2020-06-17,48.37613843351541,2360
2020-06-18,46.55265526552636,2361
2020-06-19,47.591115140525645,2362
2020-06-20,47.11514052583843,2363
2020-06-21,43.13611615244999,2364
2020-06-22,43.88475499092535,2365
2020-06-23,41.92468239564418,2366
2020-06-24,43.48003629764048,2367
2020-06-25,45.1260199456028,2368
2020-06-26,45.262681159420154,2369
2020-06-27,39.032638259292796,2370
2020-06-28,36.4180327868853,2371
2020-06-29,36.329990884229645,2372
2020-06-30,38.23069936421433,2373
2020-07-01,41.24931756141941,2374
2020-07-02,44.042611060743305,2375
2020-07-03,45.73460144927516,2376
2020-07-04,44.201634877383945,2377
2020-07-05,44.54197080291949,2378
2020-07-06,45.87317518248159,2379
2020-07-07,43.98631386861302,2380
2020-07-08,43.79926672777265,2381
2020-07-09,44.943327239488056,2382
2020-07-10,41.61222627737212,2383
2020-07-11,44.722781335772844,2384
2020-07-12,44.65225390984345,2385
2020-07-13,42.88736263736251,2386
2020-07-14,44.59174311926589,2387
2020-07-15,45.1548269581055,2388
2020-07-16,42.61804922515937,2389
2020-07-17,44.23315118397077,2390
2020-07-18,43.923992673992586,2391
2020-07-19,41.64128440366953,2392
2020-07-20,41.82541133455201,2393
2020-07-21,42.416666666666565,2394
2020-07-22,39.99544626593794,2395
2020-07-23,38.75045537340611,2396
2020-07-24,39.6785063752276,2397
2020-07-25,42.84784601283223,2398
2020-07-26,41.789715335169724,2399
2020-07-27,42.40219378427767,2400
2020-07-28,41.73660308810157,2401
2020-07-29,44.19129646418842,2402
2020-07-30,42.158469945355186,2403
2020-07-31,39.71545454545451,2404
2020-08-01,40.157313707451536,2405
2020-08-02,39.11365719523371,2406
2020-08-03,40.379120879120855,2407
2020-08-04,38.88397790055238,2408
2020-08-05,42.66452795600353,2409
2020-08-06,43.41144414168923,2410
2020-08-07,46.142986425339124,2411
2020-08-08,47.48579285059556,2412
2020-08-09,45.25366300366287,2413
2020-08-10,44.0366636113656,2414
2020-08-11,42.36347031963457,2415
2020-08-12,44.79614325068861,2416
2020-08-13,44.50137741046817,2417
2020-08-14,45.69688644688634,2418
2020-08-15,42.498171846434964,2419
2020-08-16,40.37568555758677,2420
2020-08-17,44.68516833484969,2421
2020-08-18,45.049909255898235,2422
2020-08-19,44.302678571428366,2423
2020-08-20,46.82924613987268,2424
2020-08-21,50.60126582278465,2425
2020-08-22,48.957311534968,2426
2020-08-23,46.46968325791843,2427
2020-08-24,47.075454545454406,2428
2020-08-25,45.51981566820258,2429
2020-08-26,42.57670979667274,2430
2020-08-27,39.613615455381584,2431
2020-08-28,38.85479452054789,2432
2020-08-29,37.77983348751156,2433
2020-08-30,37.69637883008348,2434
2020-08-31,37.068202764976924,2435
2020-09-01,35.853591160220894,2436
2020-09-02,36.540441176470566,2437
2020-09-03,40.7690192483959,2438
2020-09-04,42.55383211678816,2439
2020-09-05,44.66179159049342,2440
2020-09-06,45.85989010988994,2441
2020-09-07,40.852398523985165,2442
2020-09-08,36.08719851577,2443
2020-09-09,31.78855032317633,2444
2020-09-10,28.467401285583026,2445
2020-09-11,32.648897058823515,2446
2020-09-12,34.49354243542427,2447
2020-09-13,36.4037037037037,2448
2020-09-14,38.19722222222223,2449
2020-09-15,38.99448022079103,2450
2020-09-16,40.94935543278074,2451
2020-09-17,37.73577981651373,2452
2020-09-18,38.6148215919487,2453
2020-09-19,39.167582417582395,2454
2020-09-20,41.05698529411754,2455
2020-09-21,41.91559633027521,2456
2020-09-22,42.42216117216105,2457
2020-09-23,43.739963503649555,2458
2020-09-24,41.117486338797775,2459
2020-09-25,43.081818181818115,2460
2020-09-26,38.81909090909078,2461
2020-09-27,36.537899543378884,2462
2020-09-28,34.59599636032749,2463
2020-09-29,33.87568058076211,2464
2020-09-30,40.442934782608745,2465
2020-10-01,39.662276575728924,2466
2020-10-02,38.18018867924519,2467
2020-10-03,39.469696969696905,2468
2020-10-04,39.58428030303026,2469
2020-10-05,40.760869565217256,2470
2020-10-06,44.39056603773565,2471
2020-10-07,46.06238185255173,2472
2020-10-08,40.35950804162711,2473
2020-10-09,39.73768939393938,2474
2020-10-10,35.23950381679386,2475
2020-10-11,32.842761265580016,2476
2020-10-12,34.32499999999999,2477
2020-10-13,39.448999046711066,2478
2020-10-14,43.83931947069928,2479
2020-10-15,40.56628787878773,2480
2020-10-16,36.79254302103239,2481
2020-10-17,39.52935514918173,2482
2020-10-18,36.34426229508183,2483
2020-10-19,31.880883765609976,2484
2020-10-20,32.04812319538017,2485
2020-10-21,31.555019305019215,2486
2020-10-22,33.479346781940386,2487
2020-10-23,31.47393822393816,2488
2020-10-24,28.984466019417372,2489
2020-10-25,26.10495626822148,2490
2020-10-26,25.83641674780905,2491
2020-10-27,26.201361867704257,2492
2020-10-28,25.61739130434776,2493
2020-10-29,31.000972762645787,2494
2020-10-30,32.87231968810907,2495
2020-10-31,35.70506454816285,2496
2020-11-01,37.04855643044621,2497
2020-11-02,37.39337748344374,2498
2020-11-03,38.14112903225801,2499
2020-11-04,40.52114597544345,2500
2020-11-05,38.50750341064129,2501
2020-11-06,39.20987654320996,2502
2020-11-07,38.54269972451795,2503
2020-11-08,36.333793103448336,2504
2020-11-09,31.21103448275857,2505
2020-11-10,30.90041493775925,2506
2020-11-11,29.564137931034445,2507
2020-11-12,32.594222833562576,2508
2020-11-13,33.08321775312066,2509
2020-11-14,34.98324022346367,2510
2020-11-15,35.087866108786656,2511
2020-11-16,33.07938718662956,2512
2020-11-17,34.82889200561016,2513
2020-11-18,34.53781512605043,2514
2020-11-19,34.44817927170874,2515
2020-11-20,32.30929264909851,2516
2020-11-21,30.86312849162011,2517
2020-11-22,30.888579387186553,2518
2020-11-23,30.56527777777772,2519
2020-11-24,31.767732962447795,2520
2020-11-25,31.551867219916943,2521
2020-11-26,31.404166666666615,2522
2020-11-27,28.090403337969313,2523
2020-11-28,29.747910863509706,2524
2020-11-29,31.10349650349644,2525
2020-11-30,30.743338008415147,2526
2020-12-01,30.630617977528107,2527
2020-12-02,31.55944055944055,2528
2020-12-03,29.762640449438134,2529
2020-12-04,29.305013927576535,2530
2020-12-05,30.19273743016755,2531
2020-12-06,31.762973352033637,2532
2020-12-07,31.119718309859138,2533
2020-12-08,30.146648044692753,2534
2020-12-09,29.3435326842837,2535
2020-12-10,31.71368715083796,2536
2020-12-11,31.601123595505605,2537
2020-12-12,29.701977401129923,2538
2020-12-13,28.687853107344527,2539
2020-12-14,27.310829817158858,2540
2020-12-15,26.306497175141274,2541
2020-12-16,25.949295774647833,2542
2020-12-17,28.112359550561777,2543
2020-12-18,29.5486600846262,2544
2020-12-19,28.304654442877222,2545
2020-12-20,27.462517680339392,2546
2020-12-21,27.811267605633766,2547
2020-12-22,32.41036414565824,2548
2020-12-23,32.60504201680671,2549
2020-12-24,30.524544179523154,2550
2020-12-25,31.810734463276777,2551
2020-12-26,31.77715091678418,2552
2020-12-27,32.58898305084746,2553
2020-12-28,31.420534458509078,2554
2020-12-29,32.656862745098,2555
2020-12-30,31.219718309859132,2556
2020-12-31,29.414084507042176,2557
